GAME_ID,Date,HomeTeam,AwayTeam,HomeSpread_AtOpen,HomeSpread_AtClose,Over_AtOpen,Over_AtClose,2H_HomeSpread,2H_Over
0021700016,2017-10-19,LAL,LAC,4.5,6.5,218.5,219.0,0.0,108.5
0021700022,2017-10-20,BKN,ORL,-1.0,-2.0,220.0,226.0,0.0,111.0
0021700027,2017-10-21,TOR,PHI,-7.5,-8.5,216.0,219.0,0.0,107.0
0021700038,2017-10-22,BKN,ATL,-2.5,-1.0,219.5,220.0,0.0,116.0
0021700056,2017-10-25,DET,MIN,0.0,-2.5,208.0,209.0,4.0,100.5
0021700055,2017-10-25,CHA,DEN,0.0,2.5,212.0,211.5,7.0,103.5
0021700078,2017-10-28,MIA,BOS,1.5,1.0,205.0,204.5,0.0,105.0
0021700081,2017-10-28,DAL,PHI,1.0,0.0,208.0,205.0,0.0,100.5
0021700092,2017-10-30,BOS,SAS,-3.0,-3.5,196.0,193.5,0.0,101.0
0021700123,2017-11-03,ATL,HOU,8.0,9.0,211.5,214.0,0.0,104.5
0021700142,2017-11-05,NYK,IND,-2.0,0.0,216.5,216.0,-3.0,105.5
0021700147,2017-11-06,PHX,BKN,-1.0,0.0,236.0,233.5,-2.0,120.0
0021700150,2017-11-07,IND,NOP,0.0,1.5,218.0,218.5,5.0,106.5
0021700179,2017-11-11,NYK,SAC,-4.5,-6.5,202.0,202.0,0.0,97.5
0021700196,2017-11-13,PHX,LAL,1.0,-1.0,227.5,230.5,0.0,112.5
0021700198,2017-11-13,POR,DEN,-2.0,-2.0,211.5,212.0,0.0,104.5
0021700207,2017-11-15,CHA,CLE,-1.5,0.0,217.5,218.0,2.5,106.5
0021700212,2017-11-15,OKC,CHI,-12.0,-13.0,202.5,203.5,0.0,99.5
0021700216,2017-11-16,PHX,HOU,11.0,12.5,228.5,230.5,0.0,112.5
0021700223,2017-11-17,SAS,OKC,0.0,1.5,198.5,200.0,-1.0,99.5
0021700271,2017-11-24,IND,TOR,0.0,2.0,216.5,217.0,-2.0,105.0
0021700291,2017-11-27,PHI,CLE,0.0,-2.0,225.0,224.0,-3.5,108.0
0021700299,2017-11-28,CHI,PHX,0.0,0.0,213.5,212.5,-1.0,110.0
0021700306,2017-11-29,NYK,MIA,0.0,-1.5,201.0,206.5,5.5,99.5
0021700317,2017-11-30,LAC,UTA,1.0,1.0,200.0,202.0,0.0,106.0
0021700320,2017-12-01,WAS,DET,-1.0,0.0,206.0,204.5,-1.5,99.0
0021700344,2017-12-04,CHI,CLE,10.0,9.0,211.5,210.0,0.0,100.0
0021700407,2017-12-13,BOS,DEN,-8.0,-6.0,209.0,210.0,0.0,103.0
0021700414,2017-12-14,BKN,NYK,0.0,-1.5,214.0,212.0,-4.0,105.0
0021700420,2017-12-15,ORL,POR,3.0,4.0,210.0,208.5,0.0,108.0
0021700427,2017-12-15,DEN,NOP,0.0,-1.5,227.0,222.0,-4.0,108.0
0021700447,2017-12-18,OKC,DEN,-4.0,-5.0,210.0,211.0,0.0,104.0
0021700462,2017-12-20,DEN,MIN,-2.0,0.0,215.0,215.0,0.5,106.5
0021700463,2017-12-20,POR,SAS,0.0,-3.0,198.0,198.5,-4.0,103.5
0021700469,2017-12-21,PHX,MEM,0.0,3.5,204.0,203.0,4.0,99.0
0021700474,2017-12-22,MIA,DAL,0.0,2.0,195.5,195.5,2.0,95.5
0021700484,2017-12-23,ATL,DAL,2.5,1.5,203.0,202.5,0.0,99.5
0021700487,2017-12-23,MEM,LAC,-4.0,-3.0,196.5,197.5,0.0,97.5
0021700488,2017-12-23,UTA,OKC,0.0,-1.5,197.0,197.5,-1.5,97.0
0021700491,2017-12-23,LAL,POR,-2.0,-3.0,202.5,200.5,0.0,104.0
0021700493,2017-12-25,NYK,PHI,-1.5,1.0,212.0,211.5,0.0,108.5
0021700504,2017-12-26,PHX,MEM,0.0,1.5,206.0,204.5,1.5,99.5
0021700509,2017-12-27,CHI,NYK,0.0,-1.5,207.0,208.0,-1.5,102.0
0021700534,2017-12-30,UTA,CLE,3.5,3.0,207.5,207.5,0.0,103.0
0021700545,2018-01-01,BKN,ORL,-2.0,-1.5,217.0,219.0,0.0,108.5
0021700551,2018-01-02,PHX,ATL,0.0,-1.0,218.5,217.0,0.0,113.0
0021700570,2018-01-05,BOS,MIN,-4.0,-3.5,205.0,210.5,0.0,104.0
0021700571,2018-01-05,MIL,TOR,1.0,0.0,215.5,216.5,-1.0,107.0
0021700609,2018-01-10,MEM,NOP,1.0,-1.0,209.0,211.0,0.0,104.0
0021700639,2018-01-15,PHI,TOR,0.0,2.0,218.0,220.0,4.5,108.0
0021700642,2018-01-15,BKN,NYK,0.0,-3.5,208.5,211.5,-5.0,105.0
0021700669,2018-01-19,DET,WAS,0.0,-1.0,207.5,208.5,0.0,102.5
0021700675,2018-01-20,ATL,CHI,0.0,-2.0,214.0,216.5,-6.0,105.0
0021700690,2018-01-22,MEM,PHI,2.5,3.0,207.5,202.5,0.0,105.0
0021700700,2018-01-23,LAL,BOS,4.5,5.0,207.0,206.0,0.0,105.5
0021700707,2018-01-24,MEM,SAS,0.0,1.5,192.0,191.0,-2.5,101.5
0021700718,2018-01-26,MEM,LAC,3.0,4.5,210.0,212.0,0.0,105.5
0021700727,2018-01-27,MIA,CHA,-4.0,-4.0,203.0,207.5,0.0,102.0
0021700731,2018-01-28,CHI,MIL,0.0,2.5,214.0,215.0,-5.0,105.0
0021700733,2018-01-28,NOP,LAC,0.0,-2.0,227.5,227.5,2.5,110.0
0021700762,2018-02-01,WAS,TOR,4.0,4.0,213.0,215.0,0.0,105.5
0021700764,2018-02-01,SAS,HOU,0.0,2.5,212.0,208.5,-4.5,101.5
0021700778,2018-02-03,ORL,WAS,3.5,5.0,217.0,214.0,0.0,105.5
0021700793,2018-02-05,NOP,UTA,-2.0,0.0,213.5,216.0,-2.0,112.5
0021700802,2018-02-06,PHI,WAS,-4.5,-6.5,213.5,212.5,0.0,105.0
0021700807,2018-02-07,CLE,MIN,0.0,3.5,220.0,225.5,1.5,109.5
0021700824,2018-02-09,UTA,CHA,-4.5,-6.5,208.5,205.5,0.0,101.0
0021700868,2018-02-22,ORL,NYK,-3.0,-3.5,211.0,216.0,0.0,106.5
0021700884,2018-02-24,PHI,ORL,-10.0,-10.0,215.5,216.5,0.0,105.0
0021700909,2018-02-27,MIA,PHI,0.0,-1.0,205.0,205.0,-1.0,101.0
0021700924,2018-03-01,SAC,BKN,0.0,2.5,214.0,213.0,3.5,110.0
0021700930,2018-03-02,CHI,DAL,0.0,2.5,211.5,215.0,1.5,106.0
0021700973,2018-03-08,MIA,PHI,1.5,0.0,208.5,211.0,1.5,103.0
0021700978,2018-03-09,IND,ATL,-8.5,-9.0,207.5,211.0,0.0,109.0
0021700986,2018-03-09,LAC,CLE,0.0,1.5,231.0,229.5,6.0,111.5
0021701002,2018-03-12,MEM,MIL,6.5,7.5,205.5,206.0,0.0,101.5
0021701024,2018-03-15,MEM,CHI,0.0,-2.5,211.5,209.5,-2.0,108.5
0021701045,2018-03-17,POR,DET,-8.0,-9.0,208.5,206.5,0.0,101.5
0021701055,2018-03-19,NYK,CHI,-5.5,-5.0,216.5,217.0,0.0,110.5
0021701065,2018-03-21,CLE,TOR,0.0,1.5,227.5,225.5,-4.0,110.0
0021701113,2018-03-27,SAC,DAL,0.0,-2.5,201.5,204.5,-3.5,101.0
0021701136,2018-03-30,LAL,MIL,0.0,1.0,218.5,222.0,-3.0,108.0
0021701150,2018-04-01,NOP,OKC,0.0,1.0,226.0,226.0,-0.5,110.5
0021701152,2018-04-01,DEN,MIL,-4.0,-5.5,223.5,223.5,0.0,107.0
0021701159,2018-04-03,NYK,ORL,-1.0,-1.0,212.0,206.5,0.0,100.0
0021701168,2018-04-03,LAC,SAS,0.0,2.0,210.0,208.0,-0.5,107.0
0021701187,2018-04-06,TOR,IND,-8.0,-7.5,208.5,210.0,0.0,102.0
0021701191,2018-04-07,LAC,DEN,0.0,4.5,221.5,224.0,-0.5,109.0
0021701206,2018-04-09,MIA,OKC,0.0,4.5,212.5,213.0,5.5,103.5
0021800012,2018-10-17,LAC,DEN,0.0,2.0,227.0,222.5,-0.5,110.5
0021800017,2018-10-19,ORL,CHA,0.0,1.5,217.0,215.5,-4.5,107.5
0021800018,2018-10-19,BKN,NYK,-3.0,-4.0,218.5,222.0,0.0,110.0
0021800034,2018-10-20,POR,SAS,-4.0,-5.0,213.0,214.0,0.0,110.0
0021800041,2018-10-22,TOR,CHA,-9.0,-8.5,221.0,225.0,0.0,115.5
0021800065,2018-10-25,OKC,BOS,-1.5,0.0,209.0,219.0,5.0,112.0
0021800075,2018-10-27,NOP,UTA,0.0,6.0,226.0,220.5,-1.5,113.0
0021800141,2018-11-05,IND,HOU,0.0,0.0,212.0,216.0,0.0,104.5
0021800145,2018-11-05,DEN,BOS,-2.0,-1.0,203.0,209.5,0.0,109.0
0021800151,2018-11-06,PHX,BKN,0.0,2.5,219.5,221.0,-2.5,113.5
0021800179,2018-11-10,MEM,PHI,0.0,-4.5,210.0,211.0,-6.0,104.0
0021800180,2018-11-10,SAS,HOU,0.0,3.5,208.0,212.0,3.5,105.0
0021800209,2018-11-14,OKC,NYK,-9.0,-8.0,213.0,213.5,0.0,104.0
0021800212,2018-11-14,LAL,POR,-1.0,-2.0,228.0,223.0,0.0,115.0
0021800213,2018-11-15,HOU,GSW,0.0,-4.5,220.0,217.5,0.0,105.0
0021800220,2018-11-16,MEM,SAC,-6.0,-6.5,212.0,212.0,0.0,103.0
0021800228,2018-11-17,NOP,DEN,1.0,0.0,225.0,227.5,0.5,112.0
0021800249,2018-11-20,WAS,LAC,-1.0,0.0,230.0,233.5,-5.0,113.5
0021800252,2018-11-21,CHA,IND,-2.5,-3.5,215.5,215.5,0.0,105.5
0021800260,2018-11-21,MIN,DEN,-1.0,0.0,216.0,220.5,1.5,107.0
0021800264,2018-11-21,GSW,OKC,-1.0,0.0,222.5,223.5,-3.5,109.0
0021800265,2018-11-23,BKN,MIN,1.0,2.0,220.5,221.5,0.0,109.0
0021800268,2018-11-23,ATL,BOS,9.5,8.0,219.5,223.5,0.0,114.5
0021800296,2018-11-26,WAS,HOU,3.5,-1.5,225.5,223.0,0.0,110.5
0021800307,2018-11-28,PHI,NYK,-12.5,-12.5,227.5,227.0,0.0,109.5
0021800318,2018-11-29,SAC,LAC,2.0,2.0,232.5,236.0,0.0,115.0
0021800321,2018-11-30,DET,CHI,-9.0,-8.5,216.5,217.0,0.0,111.5
0021800336,2018-12-01,SAC,IND,0.0,1.5,222.5,225.0,0.5,110.0
0021800342,2018-12-02,SAS,POR,1.0,0.0,217.0,217.5,2.5,114.0
0021800352,2018-12-04,DAL,POR,0.0,-1.5,219.0,217.0,4.5,112.0
0021800360,2018-12-05,MEM,LAC,0.0,-2.0,212.5,209.5,2.0,102.5
0021800395,2018-12-10,MIL,CLE,-14.0,-10.0,223.0,217.0,0.0,105.0
0021800396,2018-12-10,OKC,UTA,-5.0,-5.0,218.5,217.5,0.0,112.0
0021800422,2018-12-14,BKN,WAS,0.0,-3.0,228.5,224.0,2.0,109.0
0021800430,2018-12-15,CHA,LAL,0.0,1.0,228.5,226.5,-1.5,110.5
0021800434,2018-12-15,OKC,LAC,-6.0,-6.5,227.0,222.5,0.0,109.0
0021800439,2018-12-16,WAS,LAL,0.0,3.0,232.0,231.5,7.0,113.5
0021800450,2018-12-17,LAC,POR,-2.0,-1.5,217.0,216.5,0.0,112.0
0021800463,2018-12-19,MIN,DET,-5.5,-5.5,220.0,216.5,0.0,106.0
0021800477,2018-12-21,SAC,MEM,0.0,-2.0,212.0,211.5,-5.5,103.0
0021800485,2018-12-22,UTA,OKC,0.0,-2.0,219.0,219.5,-0.5,107.0
0021800495,2018-12-23,POR,DAL,-6.5,-7.5,215.5,215.0,0.0,105.0
0021800499,2018-12-25,BOS,PHI,-4.0,-5.0,222.5,224.0,0.0,110.5
0021800529,2018-12-29,ATL,CLE,-3.0,-4.0,218.5,219.5,0.0,113.0
0021800536,2018-12-30,ORL,DET,-2.0,-1.5,204.0,203.5,0.0,101.0
0021800545,2018-12-31,SAS,BOS,0.0,1.5,220.0,217.5,-0.5,112.0
0021800556,2019-01-02,WAS,ATL,-4.0,-6.0,229.0,230.0,0.0,112.0
0021800565,2019-01-03,GSW,HOU,-8.0,-8.5,225.5,226.5,0.0,110.0
0021800575,2019-01-04,POR,OKC,0.0,0.0,223.5,224.0,1.5,108.5
0021800589,2019-01-06,TOR,IND,-2.0,0.0,213.0,213.0,1.5,107.0
0021800590,2019-01-06,PHX,CHA,2.5,-1.5,224.0,224.5,0.0,110.0
0021800599,2019-01-08,CLE,IND,9.5,10.0,207.0,208.0,0.0,101.0
0021800601,2019-01-08,MIA,DEN,1.0,-2.0,209.5,209.5,0.0,103.5
0021800610,2019-01-09,HOU,MIL,0.0,2.0,225.5,229.5,3.5,118.0
0021800646,2019-01-14,HOU,MEM,-7.0,-3.5,203.0,208.5,0.0,102.0
0021800650,2019-01-14,LAC,NOP,-2.0,1.0,240.0,240.0,0.0,116.0
0021800688,2019-01-20,IND,CHA,-7.0,-8.0,219.0,219.0,0.0,106.5
0021800692,2019-01-21,CLE,CHI,2.0,2.5,212.5,211.5,0.0,110.0
0021800695,2019-01-21,ATL,ORL,0.0,-1.0,220.0,221.0,-2.0,110.0
0021800715,2019-01-23,UTA,DEN,-3.0,-4.0,217.5,216.5,0.0,107.0
0021800725,2019-01-25,MEM,SAC,0.0,-2.0,213.5,214.0,-2.5,105.0
0021800738,2019-01-27,OKC,MIL,0.0,0.0,233.0,235.0,5.0,118.5
0021800751,2019-01-29,ORL,OKC,6.0,3.0,221.5,222.0,0.0,108.5
0021800805,2019-02-06,CHI,NOP,0.0,1.5,223.5,226.0,1.5,109.5
0021800825,2019-02-09,UTA,SAS,-5.0,-8.0,221.5,219.5,0.0,112.5
0021800827,2019-02-09,ATL,CHA,2.5,2.0,230.0,228.5,0.0,112.5
0021800835,2019-02-10,PHI,LAL,-6.0,-7.5,234.0,235.0,0.0,116.0
0021800839,2019-02-11,CLE,NYK,0.0,-1.5,209.5,209.0,3.5,103.0
0021800872,2019-02-21,LAL,HOU,2.0,3.0,233.0,233.5,0.0,112.0
0021800878,2019-02-22,NYK,MIN,7.0,3.5,219.5,220.0,0.0,107.5
0021800886,2019-02-23,WAS,IND,0.0,0.0,221.5,227.0,-4.5,110.5
0021800906,2019-02-25,NOP,PHI,0.0,2.5,238.0,240.5,-2.0,115.5
0021800907,2019-02-25,LAC,DAL,-4.0,-3.5,224.0,229.5,0.0,112.0
0021800918,2019-02-27,DAL,IND,0.0,1.0,216.5,214.5,1.0,104.5
0021800924,2019-02-28,NYK,CLE,-2.5,-1.5,217.5,221.0,0.0,111.5
0021800936,2019-03-02,IND,ORL,-4.5,-3.0,210.5,209.5,0.0,103.5
0021800944,2019-03-03,CHA,POR,3.5,2.5,229.0,224.5,0.0,115.5
0021800950,2019-03-03,WAS,MIN,0.0,0.0,239.0,240.5,0.0,118.0
0021800960,2019-03-05,PHI,ORL,-4.5,-4.0,221.0,222.0,0.0,108.5
0021800996,2019-03-10,MEM,ORL,2.0,0.0,207.5,208.5,-0.5,102.0
0021800999,2019-03-10,SAS,MIL,2.0,2.0,227.5,229.0,0.0,118.0
0021801011,2019-03-12,DAL,SAS,5.0,3.5,218.0,218.5,0.0,109.5
0021801014,2019-03-13,MIA,DET,-1.5,-2.0,212.5,208.0,0.0,102.0
0021801016,2019-03-13,ATL,MEM,0.0,1.0,221.0,223.5,3.5,109.0
0021801020,2019-03-14,IND,OKC,-1.0,0.0,222.0,217.5,-4.5,106.0
0021801023,2019-03-14,TOR,LAL,-9.5,-7.0,231.0,230.0,0.0,111.5
0021801041,2019-03-16,UTA,BKN,-8.5,-9.0,221.0,218.5,0.0,113.0
0021801044,2019-03-17,DET,TOR,0.0,0.0,216.0,215.5,0.5,110.0
0021801056,2019-03-18,DAL,NOP,-3.5,-5.0,230.0,232.5,0.0,111.5
0021801058,2019-03-18,POR,IND,-2.5,-5.0,213.5,211.0,0.0,102.5
0021801062,2019-03-19,MIN,GSW,6.5,6.5,230.5,230.0,0.0,111.5
0021801086,2019-03-22,LAL,BKN,0.0,2.5,228.5,232.5,1.5,118.5
0021801089,2019-03-23,WAS,MIA,0.0,-1.0,221.5,220.5,-0.5,107.5
0021801102,2019-03-24,LAL,SAC,1.0,0.0,232.5,231.5,-1.5,113.0
0021801116,2019-03-26,LAL,WAS,0.0,-2.5,232.5,237.5,2.0,115.0
0021801135,2019-03-29,LAL,CHA,0.0,1.5,225.5,229.5,5.0,112.5
0021801145,2019-03-31,ATL,MIL,8.5,2.0,235.0,230.5,0.0,119.5
0021801164,2019-04-02,GSW,DEN,-7.5,-8.5,220.5,220.0,0.0,106.5
0021801170,2019-04-03,MIA,BOS,0.0,-1.0,212.5,214.0,-1.5,110.5
0021801180,2019-04-05,CHA,TOR,0.0,6.0,223.0,224.0,1.0,109.0
0021801183,2019-04-05,IND,BOS,1.5,0.0,215.0,213.5,-3.0,110.5
0021801185,2019-04-05,MIN,MIA,1.0,4.0,216.5,218.5,0.0,107.0
0021801196,2019-04-07,CLE,SAS,9.0,8.5,219.0,219.5,0.0,107.0
0021801201,2019-04-07,MEM,DAL,-2.0,0.0,210.5,214.0,1.5,105.0
0021900014,2019-10-24,DET,ATL,-1.5,-1.5,222.0,221.5,0.0,110.0
0021900016,2019-10-24,GSW,LAC,0.0,0.0,225.0,229.5,-2.0,110.5
0021900025,2019-10-25,LAL,UTA,-2.0,-3.5,218.0,215.5,0.0,109.5
0021900028,2019-10-26,ATL,ORL,0.0,2.5,219.0,216.5,1.0,105.5
0021900042,2019-10-28,NYK,CHI,0.0,2.0,224.0,224.0,-3.5,116.0
0021900062,2019-10-30,OKC,POR,1.0,1.5,223.0,221.5,0.0,115.5
0021900078,2019-11-02,DET,BKN,1.0,4.0,224.0,222.5,0.0,113.5
0021900081,2019-11-02,MEM,PHX,0.0,3.0,223.5,221.5,3.5,113.5
0021900088,2019-11-03,SAS,LAL,0.0,1.0,216.0,217.5,-3.0,105.5
0021900095,2019-11-04,PHX,PHI,2.0,0.0,223.0,224.0,-2.0,108.0
0021900105,2019-11-06,ATL,CHI,-2.0,0.0,219.0,221.5,-5.0,114.0
0021900111,2019-11-06,LAC,MIL,-2.0,6.5,229.5,228.5,0.0,118.0
0021900114,2019-11-07,PHX,MIA,0.0,-2.0,216.0,220.0,-2.5,107.5
0021900124,2019-11-08,UTA,MIL,0.0,2.0,216.0,217.5,7.5,112.0
0021900133,2019-11-10,ORL,IND,-1.0,-4.5,203.0,202.5,0.0,99.0
0021900137,2019-11-10,PHX,BKN,0.0,-3.0,233.0,231.5,4.0,118.5
0021900144,2019-11-11,GSW,UTA,10.0,8.0,211.5,211.5,0.0,108.5
0021900153,2019-11-12,SAC,POR,0.0,1.5,227.0,222.5,0.0,116.0
0021900175,2019-11-16,CHI,BKN,-1.0,-4.0,231.5,225.0,0.0,115.5
0021900176,2019-11-16,IND,MIL,5.0,7.5,227.5,220.0,0.0,112.0
0021900177,2019-11-16,NYK,CHA,-4.0,-4.0,211.5,213.0,0.0,102.5
0021900187,2019-11-17,NOP,GSW,-4.5,-3.5,231.0,226.5,0.0,110.0
0021900200,2019-11-19,SAC,PHX,0.0,-3.0,221.5,219.0,4.0,111.5
0021900240,2019-11-25,CLE,BKN,0.0,-1.0,217.5,218.5,0.0,113.5
0021900256,2019-11-27,IND,UTA,-1.0,0.0,209.5,207.5,2.5,107.5
0021900255,2019-11-27,CLE,ORL,1.0,0.0,206.0,209.5,-2.0,103.0
0021900275,2019-11-29,OKC,NOP,-3.5,-4.5,228.5,229.0,0.0,111.5
0021900300,2019-12-03,WAS,ORL,-1.5,0.0,227.5,229.5,-3.5,112.5
0021900312,2019-12-04,OKC,IND,0.0,1.0,213.5,209.0,0.0,102.5
0021900314,2019-12-04,UTA,LAL,0.0,-2.0,211.5,212.5,-5.5,103.0
0021900348,2019-12-09,NOP,DET,-1.0,0.0,226.5,227.5,1.5,110.0
0021900362,2019-12-11,MIN,UTA,1.5,-1.0,222.5,220.5,0.0,114.5
0021900388,2019-12-15,NOP,ORL,-1.5,0.0,218.5,216.5,0.0,106.5
0021900393,2019-12-15,GSW,SAC,3.5,4.5,210.5,209.5,0.0,102.0
0021900403,2019-12-17,NYK,ATL,0.0,-2.0,220.5,226.0,5.5,109.0
0021900426,2019-12-20,OKC,PHX,-4.0,-3.0,218.0,224.5,0.0,114.5
0021900436,2019-12-21,SAS,LAC,6.0,7.5,223.0,225.5,0.0,110.0
0021900443,2019-12-22,LAL,DEN,-7.5,-2.5,209.0,208.0,0.0,101.0
0021900447,2019-12-23,NYK,WAS,0.0,-3.5,234.5,227.5,-2.5,110.5
0021900451,2019-12-23,PHX,DEN,3.5,2.5,216.0,218.5,0.0,107.0
0021900465,2019-12-26,UTA,POR,-6.0,-5.5,220.0,222.0,0.0,108.5
0021900471,2019-12-27,GSW,PHX,3.0,3.5,222.0,225.0,0.0,114.5
0021900480,2019-12-28,MIL,ORL,-11.0,-6.0,216.0,216.5,0.0,106.0
0021900504,2020-01-01,WAS,ORL,4.0,3.5,215.5,222.5,0.0,109.0
0021900520,2020-01-03,HOU,PHI,-4.0,-4.5,224.0,227.5,0.0,116.0
0021900529,2020-01-04,CHI,BOS,1.5,-1.0,209.5,208.0,0.0,107.5
0021900550,2020-01-07,BKN,OKC,2.0,-1.0,217.0,217.0,0.0,105.5
0021900555,2020-01-08,CHA,TOR,4.0,2.5,209.0,207.0,0.0,102.0
0021900558,2020-01-08,ATL,HOU,8.0,8.0,235.0,237.0,0.0,114.5
0021900564,2020-01-09,PHI,BOS,-2.5,0.0,214.0,218.0,-2.0,112.0
0021900565,2020-01-09,MIN,POR,-2.5,0.0,224.0,224.0,4.0,110.0
0021900567,2020-01-10,WAS,ATL,0.0,1.0,237.5,239.0,2.0,115.5
0021900571,2020-01-10,MEM,SAS,1.0,0.0,234.0,231.0,1.5,118.0
0021900587,2020-01-12,TOR,SAS,-4.0,-5.0,221.0,220.0,0.0,112.5
0021900589,2020-01-12,DEN,LAC,-1.0,0.0,221.0,221.5,3.5,108.0
0021900593,2020-01-13,BOS,CHI,-9.5,-9.5,215.5,216.5,0.0,104.5
0021900595,2020-01-13,POR,CHA,-9.5,-9.5,218.0,215.5,0.0,105.0
0021900618,2020-01-16,LAC,ORL,-11.5,-10.0,217.5,217.0,0.0,105.5
0021900633,2020-01-18,HOU,LAL,-2.5,-3.5,232.0,235.0,0.0,114.0
0021900639,2020-01-20,WAS,DET,-1.0,0.0,233.0,232.0,0.5,113.5
0021900643,2020-01-20,CLE,NYK,0.0,1.5,222.0,222.0,1.5,108.0
0021900655,2020-01-22,ORL,OKC,0.0,-2.5,209.0,210.0,-4.0,103.0
0021900661,2020-01-22,CHI,MIN,1.0,0.0,219.0,219.5,1.5,106.5
0021900671,2020-01-24,ORL,BOS,0.0,-3.0,212.0,213.0,-0.5,110.0
0021900682,2020-01-25,CLE,CHI,1.0,-1.0,217.0,210.5,0.0,104.5
0021900685,2020-01-26,DEN,HOU,0.0,-2.5,226.5,225.5,-3.0,109.5
0021900691,2020-01-26,NOP,BOS,0.0,-1.5,230.5,233.0,5.0,119.0
0021900704,2020-01-28,MEM,DEN,0.0,-1.5,226.0,224.0,3.5,108.5
0021900705,2020-01-28,MIL,WAS,-16.0,-11.5,240.0,241.5,0.0,118.0
0021900725,2020-01-31,PHX,OKC,1.0,0.0,222.5,223.0,0.0,109.0
0021900772,2020-02-07,IND,TOR,0.0,-1.0,219.0,217.5,0.0,107.0
0021900777,2020-02-08,ORL,MIL,8.0,8.5,218.0,221.0,0.0,112.0
0021900790,2020-02-09,HOU,UTA,-4.0,-2.5,233.0,233.5,0.0,119.5
0021900798,2020-02-10,DAL,UTA,-1.0,0.0,222.0,216.5,-6.0,111.0
0021900802,2020-02-11,PHI,LAC,1.0,1.0,225.0,228.0,0.0,111.5
0021900810,2020-02-12,IND,MIL,0.0,-1.5,220.5,224.0,5.0,113.5
0021900818,2020-02-13,BOS,LAC,-1.0,-1.0,227.0,228.5,0.0,111.0
0021900820,2020-02-20,DET,MIL,11.5,13.0,224.5,227.0,0.0,115.0
0021900831,2020-02-21,OKC,DEN,0.0,-1.5,215.0,216.0,0.0,105.0
0021900834,2020-02-21,POR,NOP,3.0,5.5,235.0,238.5,0.0,117.0
0021900833,2020-02-21,LAL,MEM,-11.0,-10.5,233.5,234.0,0.0,118.0
0021900841,2020-02-22,UTA,HOU,-1.0,-2.0,235.0,233.0,0.0,115.0
0021900845,2020-02-23,CHI,WAS,0.0,3.5,231.5,229.5,5.5,112.0
0021900849,2020-02-24,CLE,MIA,5.5,6.5,223.0,221.5,0.0,108.5
0021900850,2020-02-24,PHI,ATL,-8.0,-8.5,228.5,227.0,0.0,111.0
0021900858,2020-02-25,TOR,MIL,1.5,0.0,231.0,232.5,0.0,119.0
0021900888,2020-02-29,ATL,POR,0.0,-2.0,234.0,239.0,0.5,117.5
0021900892,2020-02-29,BOS,HOU,1.0,0.0,230.5,232.5,3.5,113.5
0021900898,2020-03-01,DEN,TOR,-4.5,-2.5,217.5,220.0,0.0,109.0
0021900939,2020-03-06,LAL,MIL,0.0,-1.5,228.5,228.5,-1.0,116.5
0021900941,2020-03-07,DET,UTA,8.5,8.0,214.0,211.0,0.0,108.0
0021901236,2020-07-31,MIL,BOS,-4.0,-3.5,215.5,221.0,0.0,113.5
0021901239,2020-08-01,DEN,MIA,0.0,4.0,213.0,215.5,2.5,105.5
0021901240,2020-08-01,OKC,UTA,1.0,0.0,212.5,219.0,5.5,108.5
0021901262,2020-08-05,UTA,MEM,-4.5,-5.5,225.0,220.0,0.0,108.5
0021901308,2020-08-13,BOS,WAS,11.0,2.0,230.5,224.5,0.0,111.0
0021901313,2020-08-13,PHX,DAL,-6.5,-8.5,229.0,238.5,0.0,117.5
0022000014,2020-12-23,TOR,NOP,-5.0,-3.5,230.0,228.5,0.0,111.0
0022000004,2020-12-23,PHX,DAL,0.0,-1.5,237.0,232.5,2.0,113.0
0022000007,2020-12-25,BOS,BKN,0.0,3.0,227.0,229.5,3.0,114.0
0022000023,2020-12-26,DET,CLE,-3.0,0.0,220.0,214.0,-1.5,105.5
0022000048,2020-12-29,IND,BOS,1.0,-1.0,220.0,219.0,0.0,112.0
0022000049,2020-12-29,PHI,TOR,0.0,-1.5,218.5,219.5,-2.5,106.5
0022000100,2021-01-04,NOP,IND,0.0,-1.5,218.0,216.0,-1.0,105.5
0022000107,2021-01-06,IND,HOU,-1.5,-3.0,226.0,224.0,0.0,109.5
0022000122,2021-01-07,POR,MIN,-10.0,-10.0,233.5,233.0,0.0,114.0
0022000128,2021-01-08,MEM,BKN,4.5,0.0,222.0,217.5,4.0,106.0
0022000158,2021-01-12,BKN,DEN,0.0,-1.5,232.0,230.5,-6.0,112.5
0022000184,2021-01-15,OKC,CHI,0.0,2.0,224.5,225.0,-4.0,115.5
0022000259,2021-01-25,ORL,CHA,-1.5,-1.5,213.5,213.5,0.0,105.0
0022000286,2021-01-28,PHX,GSW,1.0,-2.0,219.5,219.0,0.0,108.5
0022000300,2021-01-30,NOP,HOU,0.0,-2.0,223.0,223.0,-6.0,108.5
0022000312,2021-02-01,CLE,MIN,-5.0,-3.5,217.5,221.5,0.0,107.0
0022000329,2021-02-03,MIL,IND,-8.5,-9.0,232.0,231.5,0.0,113.0
0022000344,2021-02-05,ORL,CHI,0.0,2.5,221.0,224.5,4.0,114.5
0022000343,2021-02-05,IND,NOP,-5.0,0.0,227.0,228.0,-3.0,110.0
0022000359,2021-02-06,OKC,MIN,0.0,-2.0,218.5,220.5,4.0,110.0
0022000369,2021-02-08,MEM,TOR,0.0,2.5,222.5,223.5,2.5,110.0
0022000388,2021-02-10,DEN,CLE,-9.5,-9.5,225.0,218.0,0.0,104.5
0022000407,2021-02-13,ATL,IND,1.5,1.5,226.0,223.5,0.0,109.5
0022000408,2021-02-13,NYK,HOU,1.5,0.0,210.0,213.0,4.5,103.0
0022000414,2021-02-14,CHA,SAS,0.0,4.0,228.0,226.5,1.5,115.5
0022000460,2021-02-20,CHI,SAC,2.5,0.0,233.0,235.5,3.0,114.5
0022000467,2021-02-21,ORL,DET,0.0,-3.0,210.0,210.5,1.0,104.0
0022000515,2021-02-27,NYK,IND,1.0,0.0,216.5,216.5,0.5,106.0
0022000550,2021-03-03,POR,GSW,0.0,1.0,235.0,233.0,1.0,113.5
0022000617,2021-03-17,IND,BKN,4.5,-2.0,230.5,230.0,0.0,113.0
0022000619,2021-03-17,WAS,SAC,-3.5,-1.0,244.0,248.0,0.0,121.0
0022000622,2021-03-17,HOU,GSW,12.5,11.0,226.5,230.5,0.0,113.0
0022000624,2021-03-17,DEN,CHA,-7.0,-6.5,229.5,228.5,0.0,110.0
0022000668,2021-03-24,TOR,DEN,0.0,1.5,224.5,223.5,5.5,110.0
0022000771,2021-04-06,BOS,PHI,1.5,0.0,223.0,222.0,-3.5,108.0
0022000793,2021-04-09,NYK,MEM,0.0,1.5,212.5,216.5,-2.0,110.5
0022000802,2021-04-10,GSW,HOU,-8.5,-7.0,228.0,228.0,0.0,111.5
0022000814,2021-04-11,POR,MIA,-2.0,0.0,223.0,223.0,-2.5,109.0
0022000825,2021-04-13,CHA,LAL,0.0,1.5,208.5,206.5,0.5,101.5
0022000827,2021-04-13,PHX,MIA,-3.0,-3.5,215.0,216.5,0.0,106.5
0022000847,2021-04-16,WAS,NOP,0.0,3.0,241.0,239.0,2.5,117.0
0022000850,2021-04-16,CHI,MEM,0.0,3.5,227.5,219.0,2.5,111.0
0022000864,2021-04-18,ORL,HOU,0.0,1.5,218.5,218.0,2.0,107.0
0022000886,2021-04-21,NYK,ATL,0.0,1.5,217.0,219.0,1.0,108.0
0022000888,2021-04-21,SAS,MIA,0.0,1.5,215.5,215.5,1.0,105.0
0022000952,2021-04-30,BKN,POR,0.0,3.0,240.5,242.0,1.5,118.0
0022000978,2021-05-03,ATL,POR,-1.5,-2.5,235.0,237.0,0.0,115.5
0022000988,2021-05-04,OKC,SAC,5.0,5.5,229.5,227.0,0.0,111.0
0022000987,2021-05-04,NOP,GSW,-1.5,-2.0,234.5,235.0,0.0,115.5
0022000986,2021-05-04,MIA,DAL,-3.5,0.0,216.0,216.5,-2.0,105.5
0022000992,2021-05-05,ATL,PHX,0.0,1.0,228.5,227.0,0.0,116.0
0022001018,2021-05-08,POR,SAS,-5.0,-6.0,229.5,233.0,0.0,118.0
0022001039,2021-05-11,GSW,PHX,5.0,4.5,231.0,231.5,0.0,118.0
0022001065,2021-05-15,SAS,PHX,10.5,10.5,223.0,225.5,0.0,115.5
0022001062,2021-05-15,MIL,MIA,0.0,-4.5,232.0,233.0,2.5,114.5
0022100001,2021-10-19,MIL,BKN,0.0,-1.5,240.5,233.5,2.0,114.0
0022100002,2021-10-19,LAL,GSW,-4.5,-3.5,230.5,226.5,0.0,111.5
0022100007,2021-10-20,MEM,CLE,-8.0,-7.0,217.5,218.5,0.0,107.0
0022100010,2021-10-20,SAS,ORL,-5.5,-7.0,215.5,212.5,0.0,104.0
0022100070,2021-10-28,GSW,MEM,-5.0,-6.0,233.0,228.0,0.0,116.0
0022100109,2021-11-03,IND,NYK,0.0,-1.0,218.0,216.0,2.5,105.5
0022100114,2021-11-03,MEM,DEN,-1.0,1.0,213.5,215.5,0.0,105.5
0022100115,2021-11-03,MIN,LAC,0.0,2.5,215.5,212.5,0.5,107.0
0022100120,2021-11-04,ATL,UTA,0.0,1.5,220.5,218.5,2.0,111.5
0022100126,2021-11-05,WAS,MEM,0.0,-2.5,225.0,220.5,3.0,111.0
0022100128,2021-11-05,MIL,NYK,-5.5,-3.5,217.5,217.0,0.0,104.0
0022100134,2021-11-06,MIA,UTA,-3.5,0.0,212.5,212.0,1.0,107.5
0022100148,2021-11-08,CHI,BKN,-1.5,0.0,215.0,216.5,-1.0,104.5
0022100151,2021-11-08,DEN,MIA,0.0,1.5,208.5,203.0,5.0,100.0
0022100174,2021-11-12,CHA,NYK,0.0,2.5,225.5,225.0,-1.0,109.0
0022100184,2021-11-12,LAL,MIN,-4.5,0.0,226.0,223.5,1.5,108.0
0022100193,2021-11-14,ATL,MIL,0.0,-2.0,219.0,224.0,3.0,114.5
0022100226,2021-11-18,MEM,LAC,0.0,0.0,221.5,220.5,1.0,112.0
0022100231,2021-11-19,DET,GSW,10.5,1.5,210.0,201.0,0.0,98.0
0022100242,2021-11-20,ATL,CHA,-6.0,-7.5,226.0,226.5,0.0,109.5
0022100266,2021-11-23,LAC,DAL,-4.5,-2.5,207.5,213.5,0.0,103.0
0022100270,2021-11-24,BOS,BKN,0.0,-1.5,216.0,217.5,-4.5,106.5
0022100311,2021-11-29,SAS,WAS,3.0,3.0,214.5,214.5,0.0,104.5
0022100318,2021-11-30,SAC,LAL,3.5,0.0,227.5,224.0,1.5,108.5
0022100345,2021-12-04,DAL,MEM,-5.5,0.0,216.5,215.0,-3.5,109.0
0022100367,2021-12-08,CLE,CHI,0.0,-3.0,208.0,212.5,1.5,107.5
0022100378,2021-12-08,LAC,BOS,-3.0,0.0,212.5,209.0,4.5,107.5
0022100397,2021-12-11,SAS,DEN,-2.0,0.0,214.0,218.5,-4.5,107.0
0022100420,2021-12-15,DAL,LAL,0.0,4.0,217.0,212.5,4.5,104.0
0022100427,2021-12-15,SAC,WAS,0.0,2.5,225.5,226.5,1.5,109.0
0022100426,2021-12-15,POR,MEM,-1.5,0.0,220.5,218.0,-2.5,110.5
0022100429,2021-12-16,BKN,PHI,0.0,3.0,213.5,216.5,7.0,104.0
0022100436,2021-12-17,MIN,LAL,0.0,1.0,224.5,222.5,3.0,108.0
