rank_no,rank,oos_rmse_err,oos_wlp_err,coef_mae,fold_mae,gate_abs,target,scale,train_mode,margin,margin_rev,ht_sign,htsurp,spread,td_rev,tm_rev,2017_rmse,2017_bets,2018_rmse,2018_bets
1,3373.366219437415,0.01956596825890422,422,0.09070295561003694,0.09610877972985872,1504,resid_withot,xscale,expanding,expected,False,1,expected,line,False,False,9.858626445567046,468,10.168486363917784,370
2,3373.366219437415,0.01956596825890422,422,0.09070295561003694,0.09610877972985872,1504,resid_withot,xscale,expanding,line,True,1,expected,line,False,False,9.858626445567046,468,10.168486363917784,370
3,3373.3662194374156,0.01956596825890422,422,0.09070295561003726,0.09610877972985872,1504,resid_withot,xyscale,expanding,expected,False,1,expected,line,False,False,9.858626445567046,468,10.168486363917784,370
4,3373.3662194374156,0.01956596825890422,422,0.09070295561003726,0.09610877972985872,1504,resid_withot,xyscale,expanding,line,True,1,expected,line,False,False,9.858626445567046,468,10.168486363917784,370
5,3389.521882979159,0.01956596825890422,422,0.10685861915178083,0.09610877972985872,1504,resid_withot,xscale,expanding,expected,False,1,expected,line,False,True,9.858626445567046,468,10.168486363917784,370
6,3389.521882979159,0.01956596825890422,422,0.10685861915178083,0.09610877972985872,1504,resid_withot,xscale,expanding,line,True,1,expected,line,False,True,9.858626445567046,468,10.168486363917784,370
7,3389.5218829791593,0.01956596825890422,422,0.10685861915178115,0.09610877972985872,1504,resid_withot,xyscale,expanding,expected,False,1,expected,line,False,True,9.858626445567046,468,10.168486363917784,370
8,3389.5218829791593,0.01956596825890422,422,0.10685861915178115,0.09610877972985872,1504,resid_withot,xyscale,expanding,line,True,1,expected,line,False,True,9.858626445567046,468,10.168486363917784,370
9,3407.960877501351,0.020006812922948924,440,0.08085497001945696,0.09523392980458312,1254,resid_withot,xscale,expanding,expected,False,1,line,line,False,False,9.858742622558513,467,10.168811031590362,380
10,3407.960877501351,0.020006812922948924,440,0.08085497001945725,0.09523392980458312,1254,resid_withot,xyscale,expanding,expected,False,1,line,line,False,False,9.858742622558513,467,10.168811031590362,380
11,3407.960877501351,0.020006812922948924,440,0.08085497001945696,0.09523392980458312,1254,resid_withot,xscale,expanding,line,True,1,line,line,False,False,9.858742622558513,467,10.168811031590362,380
12,3407.960877501351,0.020006812922948924,440,0.08085497001945725,0.09523392980458312,1254,resid_withot,xyscale,expanding,line,True,1,line,line,False,False,9.858742622558513,467,10.168811031590362,380
13,3414.7767671079237,0.01956596825890422,422,0.13211350328054527,0.09610877972985872,1504,resid_withot,xscale,expanding,expected,False,1,expected,line,True,False,9.858626445567046,468,10.168486363917784,370
14,3414.7767671079237,0.01956596825890422,422,0.13211350328054558,0.09610877972985872,1504,resid_withot,xyscale,expanding,expected,False,1,expected,line,True,False,9.858626445567046,468,10.168486363917784,370
15,3414.7767671079237,0.01956596825890422,422,0.13211350328054527,0.09610877972985872,1504,resid_withot,xscale,expanding,line,True,1,expected,line,True,False,9.858626445567046,468,10.168486363917784,370
16,3414.7767671079237,0.01956596825890422,422,0.13211350328054558,0.09610877972985872,1504,resid_withot,xyscale,expanding,line,True,1,expected,line,True,False,9.858626445567046,468,10.168486363917784,370
17,3424.116541043095,0.020006812922948924,440,0.09701063356120085,0.09523392980458312,1254,resid_withot,xscale,expanding,expected,False,1,line,line,False,True,9.858742622558513,467,10.168811031590362,380
18,3424.116541043095,0.020006812922948924,440,0.09701063356120085,0.09523392980458312,1254,resid_withot,xscale,expanding,line,True,1,line,line,False,True,9.858742622558513,467,10.168811031590362,380
19,3424.1165410430954,0.020006812922948924,440,0.09701063356120115,0.09523392980458312,1254,resid_withot,xyscale,expanding,expected,False,1,line,line,False,True,9.858742622558513,467,10.168811031590362,380
20,3424.1165410430954,0.020006812922948924,440,0.09701063356120115,0.09523392980458312,1254,resid_withot,xyscale,expanding,line,True,1,line,line,False,True,9.858742622558513,467,10.168811031590362,380
21,3430.9324306496674,0.01956596825890422,422,0.14826916682228916,0.09610877972985872,1504,resid_withot,xscale,expanding,expected,False,1,expected,line,True,True,9.858626445567046,468,10.168486363917784,370
22,3430.9324306496674,0.01956596825890422,422,0.14826916682228916,0.09610877972985872,1504,resid_withot,xscale,expanding,line,True,1,expected,line,True,True,9.858626445567046,468,10.168486363917784,370
23,3430.932430649668,0.01956596825890422,422,0.14826916682228947,0.09610877972985872,1504,resid_withot,xyscale,expanding,expected,False,1,expected,line,True,True,9.858626445567046,468,10.168486363917784,370
24,3430.932430649668,0.01956596825890422,422,0.14826916682228947,0.09610877972985872,1504,resid_withot,xyscale,expanding,line,True,1,expected,line,True,True,9.858626445567046,468,10.168486363917784,370
25,3435.7985100541423,0.01956596825890422,422,0.15313524622676405,0.09610877972985872,1504,resid_withot,xscale,expanding,expected,False,1,expected,expected,False,False,9.858626445567046,468,10.168486363917784,370
26,3435.7985100541423,0.01956596825890422,422,0.15313524622676405,0.09610877972985872,1504,resid_withot,xscale,expanding,line,True,1,expected,expected,False,False,9.858626445567046,468,10.168486363917784,370
27,3435.7985100541428,0.01956596825890422,422,0.1531352462267644,0.09610877972985872,1504,resid_withot,xyscale,expanding,expected,False,1,expected,expected,False,False,9.858626445567046,468,10.168486363917784,370
28,3435.7985100541428,0.01956596825890422,422,0.1531352462267644,0.09610877972985872,1504,resid_withot,xyscale,expanding,line,True,1,expected,expected,False,False,9.858626445567046,468,10.168486363917784,370
29,3449.3714251718593,0.020006812922948924,440,0.1222655176899653,0.09523392980458312,1254,resid_withot,xscale,expanding,expected,False,1,line,line,True,False,9.858742622558513,467,10.168811031590362,380
30,3449.3714251718593,0.020006812922948924,440,0.1222655176899653,0.09523392980458312,1254,resid_withot,xscale,expanding,line,True,1,line,line,True,False,9.858742622558513,467,10.168811031590362,380
31,3449.3714251718598,0.020006812922948924,440,0.12226551768996557,0.09523392980458312,1254,resid_withot,xyscale,expanding,expected,False,1,line,line,True,False,9.858742622558513,467,10.168811031590362,380
32,3449.3714251718598,0.020006812922948924,440,0.12226551768996557,0.09523392980458312,1254,resid_withot,xyscale,expanding,line,True,1,line,line,True,False,9.858742622558513,467,10.168811031590362,380
33,3451.954173595886,0.01956596825890422,422,0.16929090976850794,0.09610877972985872,1504,resid_withot,xscale,expanding,expected,False,1,expected,expected,False,True,9.858626445567046,468,10.168486363917784,370
34,3451.954173595886,0.01956596825890422,422,0.16929090976850794,0.09610877972985872,1504,resid_withot,xscale,expanding,line,True,1,expected,expected,False,True,9.858626445567046,468,10.168486363917784,370
35,3451.9541735958865,0.01956596825890422,422,0.16929090976850825,0.09610877972985872,1504,resid_withot,xyscale,expanding,expected,False,1,expected,expected,False,True,9.858626445567046,468,10.168486363917784,370
36,3451.9541735958865,0.01956596825890422,422,0.16929090976850825,0.09610877972985872,1504,resid_withot,xyscale,expanding,line,True,1,expected,expected,False,True,9.858626445567046,468,10.168486363917784,370
37,3462.2011595678605,0.020006812922948924,440,0.13509525208596637,0.09523392980458312,1254,resid_withot,xscale,expanding,expected,False,1,line,expected,False,False,9.858742622558513,467,10.168811031590362,380
38,3462.2011595678605,0.020006812922948924,440,0.1350952520859666,0.09523392980458312,1254,resid_withot,xyscale,expanding,expected,False,1,line,expected,False,False,9.858742622558513,467,10.168811031590362,380
39,3462.2011595678605,0.020006812922948924,440,0.13509525208596637,0.09523392980458312,1254,resid_withot,xscale,expanding,line,True,1,line,expected,False,False,9.858742622558513,467,10.168811031590362,380
40,3462.2011595678605,0.020006812922948924,440,0.1350952520859666,0.09523392980458312,1254,resid_withot,xyscale,expanding,line,True,1,line,expected,False,False,9.858742622558513,467,10.168811031590362,380
41,3465.5270887136035,0.020006812922948924,440,0.13842118123170918,0.09523392980458312,1254,resid_withot,xscale,expanding,expected,False,1,line,line,True,True,9.858742622558513,467,10.168811031590362,380
42,3465.5270887136035,0.020006812922948924,440,0.13842118123170946,0.09523392980458312,1254,resid_withot,xyscale,expanding,expected,False,1,line,line,True,True,9.858742622558513,467,10.168811031590362,380
43,3465.5270887136035,0.020006812922948924,440,0.13842118123170918,0.09523392980458312,1254,resid_withot,xscale,expanding,line,True,1,line,line,True,True,9.858742622558513,467,10.168811031590362,380
44,3465.5270887136035,0.020006812922948924,440,0.13842118123170946,0.09523392980458312,1254,resid_withot,xyscale,expanding,line,True,1,line,line,True,True,9.858742622558513,467,10.168811031590362,380
45,3477.2090577246504,0.01956596825890422,422,0.1945457938972724,0.09610877972985872,1504,resid_withot,xscale,expanding,expected,False,1,expected,expected,True,False,9.858626445567046,468,10.168486363917784,370
46,3477.2090577246504,0.01956596825890422,422,0.1945457938972724,0.09610877972985872,1504,resid_withot,xscale,expanding,line,True,1,expected,expected,True,False,9.858626445567046,468,10.168486363917784,370
47,3477.209057724651,0.01956596825890422,422,0.1945457938972727,0.09610877972985872,1504,resid_withot,xyscale,expanding,expected,False,1,expected,expected,True,False,9.858626445567046,468,10.168486363917784,370
48,3477.209057724651,0.01956596825890422,422,0.1945457938972727,0.09610877972985872,1504,resid_withot,xyscale,expanding,line,True,1,expected,expected,True,False,9.858626445567046,468,10.168486363917784,370
49,3478.356823109604,0.020006812922948924,440,0.15125091562771026,0.09523392980458312,1254,resid_withot,xscale,expanding,expected,False,1,line,expected,False,True,9.858742622558513,467,10.168811031590362,380
50,3478.356823109604,0.020006812922948924,440,0.15125091562771026,0.09523392980458312,1254,resid_withot,xscale,expanding,line,True,1,line,expected,False,True,9.858742622558513,467,10.168811031590362,380
51,3478.3568231096046,0.020006812922948924,440,0.15125091562771048,0.09523392980458312,1254,resid_withot,xyscale,expanding,expected,False,1,line,expected,False,True,9.858742622558513,467,10.168811031590362,380
52,3478.3568231096046,0.020006812922948924,440,0.15125091562771048,0.09523392980458312,1254,resid_withot,xyscale,expanding,line,True,1,line,expected,False,True,9.858742622558513,467,10.168811031590362,380
53,3493.3647212663946,0.01956596825890422,422,0.21070145743901628,0.09610877972985872,1504,resid_withot,xscale,expanding,expected,False,1,expected,expected,True,True,9.858626445567046,468,10.168486363917784,370
54,3493.3647212663946,0.01956596825890422,422,0.21070145743901658,0.09610877972985872,1504,resid_withot,xyscale,expanding,expected,False,1,expected,expected,True,True,9.858626445567046,468,10.168486363917784,370
55,3493.3647212663946,0.01956596825890422,422,0.21070145743901628,0.09610877972985872,1504,resid_withot,xscale,expanding,line,True,1,expected,expected,True,True,9.858626445567046,468,10.168486363917784,370
56,3493.3647212663946,0.01956596825890422,422,0.21070145743901658,0.09610877972985872,1504,resid_withot,xyscale,expanding,line,True,1,expected,expected,True,True,9.858626445567046,468,10.168486363917784,370
57,3503.6117072383686,0.020006812922948924,440,0.1765057997564747,0.09523392980458312,1254,resid_withot,xscale,expanding,expected,False,1,line,expected,True,False,9.858742622558513,467,10.168811031590362,380
58,3503.6117072383686,0.020006812922948924,440,0.1765057997564747,0.09523392980458312,1254,resid_withot,xscale,expanding,line,True,1,line,expected,True,False,9.858742622558513,467,10.168811031590362,380
59,3503.611707238369,0.020006812922948924,440,0.1765057997564749,0.09523392980458312,1254,resid_withot,xyscale,expanding,expected,False,1,line,expected,True,False,9.858742622558513,467,10.168811031590362,380
60,3503.611707238369,0.020006812922948924,440,0.1765057997564749,0.09523392980458312,1254,resid_withot,xyscale,expanding,line,True,1,line,expected,True,False,9.858742622558513,467,10.168811031590362,380
61,3519.7673707801127,0.020006812922948924,440,0.1926614632982186,0.09523392980458312,1254,resid_withot,xscale,expanding,expected,False,1,line,expected,True,True,9.858742622558513,467,10.168811031590362,380
62,3519.7673707801127,0.020006812922948924,440,0.19266146329821882,0.09523392980458312,1254,resid_withot,xyscale,expanding,expected,False,1,line,expected,True,True,9.858742622558513,467,10.168811031590362,380
63,3519.7673707801127,0.020006812922948924,440,0.1926614632982186,0.09523392980458312,1254,resid_withot,xscale,expanding,line,True,1,line,expected,True,True,9.858742622558513,467,10.168811031590362,380
64,3519.7673707801127,0.020006812922948924,440,0.19266146329821882,0.09523392980458312,1254,resid_withot,xyscale,expanding,line,True,1,line,expected,True,True,9.858742622558513,467,10.168811031590362,380
65,3524.252570234079,0.01956596825890422,422,0.24158930640670076,0.09610877972985872,1504,resid_withot,xscale,expanding,expected,False,-1,expected,line,False,False,9.858626445567046,468,10.168486363917784,370
66,3524.252570234079,0.01956596825890422,422,0.24158930640670107,0.09610877972985872,1504,resid_withot,xyscale,expanding,expected,False,-1,expected,line,False,False,9.858626445567046,468,10.168486363917784,370
67,3524.252570234079,0.01956596825890422,422,0.24158930640670076,0.09610877972985872,1504,resid_withot,xscale,expanding,line,True,-1,expected,line,False,False,9.858626445567046,468,10.168486363917784,370
68,3524.252570234079,0.01956596825890422,422,0.24158930640670107,0.09610877972985872,1504,resid_withot,xyscale,expanding,line,True,-1,expected,line,False,False,9.858626445567046,468,10.168486363917784,370
69,3540.4082337758227,0.01956596825890422,422,0.25774496994844465,0.09610877972985872,1504,resid_withot,xscale,expanding,expected,False,-1,expected,line,False,True,9.858626445567046,468,10.168486363917784,370
70,3540.4082337758227,0.01956596825890422,422,0.25774496994844465,0.09610877972985872,1504,resid_withot,xscale,expanding,line,True,-1,expected,line,False,True,9.858626445567046,468,10.168486363917784,370
71,3540.408233775823,0.01956596825890422,422,0.2577449699484449,0.09610877972985872,1504,resid_withot,xyscale,expanding,expected,False,-1,expected,line,False,True,9.858626445567046,468,10.168486363917784,370
72,3540.408233775823,0.01956596825890422,422,0.2577449699484449,0.09610877972985872,1504,resid_withot,xyscale,expanding,line,True,-1,expected,line,False,True,9.858626445567046,468,10.168486363917784,370
73,3558.8472282980147,0.020006812922948924,440,0.23174132081612078,0.09523392980458312,1254,resid_withot,xscale,expanding,expected,False,-1,line,line,False,False,9.858742622558513,467,10.168811031590362,380
74,3558.8472282980147,0.020006812922948924,440,0.23174132081612078,0.09523392980458312,1254,resid_withot,xscale,expanding,line,True,-1,line,line,False,False,9.858742622558513,467,10.168811031590362,380
75,3558.847228298015,0.020006812922948924,440,0.2317413208161211,0.09523392980458312,1254,resid_withot,xyscale,expanding,expected,False,-1,line,line,False,False,9.858742622558513,467,10.168811031590362,380
76,3558.847228298015,0.020006812922948924,440,0.2317413208161211,0.09523392980458312,1254,resid_withot,xyscale,expanding,line,True,-1,line,line,False,False,9.858742622558513,467,10.168811031590362,380
77,3565.663117904587,0.01956596825890422,422,0.28299985407720907,0.09610877972985872,1504,resid_withot,xscale,expanding,expected,False,-1,expected,line,True,False,9.858626445567046,468,10.168486363917784,370
78,3565.663117904587,0.01956596825890422,422,0.28299985407720907,0.09610877972985872,1504,resid_withot,xscale,expanding,line,True,-1,expected,line,True,False,9.858626445567046,468,10.168486363917784,370
79,3565.6631179045876,0.01956596825890422,422,0.2829998540772094,0.09610877972985872,1504,resid_withot,xyscale,expanding,expected,False,-1,expected,line,True,False,9.858626445567046,468,10.168486363917784,370
80,3565.6631179045876,0.01956596825890422,422,0.2829998540772094,0.09610877972985872,1504,resid_withot,xyscale,expanding,line,True,-1,expected,line,True,False,9.858626445567046,468,10.168486363917784,370
81,3575.002891839759,0.020006812922948924,440,0.24789698435786467,0.09523392980458312,1254,resid_withot,xscale,expanding,expected,False,-1,line,line,False,True,9.858742622558513,467,10.168811031590362,380
82,3575.002891839759,0.020006812922948924,440,0.24789698435786497,0.09523392980458312,1254,resid_withot,xyscale,expanding,expected,False,-1,line,line,False,True,9.858742622558513,467,10.168811031590362,380
83,3575.002891839759,0.020006812922948924,440,0.24789698435786467,0.09523392980458312,1254,resid_withot,xscale,expanding,line,True,-1,line,line,False,True,9.858742622558513,467,10.168811031590362,380
84,3575.002891839759,0.020006812922948924,440,0.24789698435786497,0.09523392980458312,1254,resid_withot,xyscale,expanding,line,True,-1,line,line,False,True,9.858742622558513,467,10.168811031590362,380
85,3575.734893628552,0.01956596825890422,422,0.29307162980117385,0.09610877972985872,1504,resid_withot,xscale,expanding,expected,True,1,expected,line,False,False,9.858626445567046,468,10.168486363917784,370
86,3575.734893628552,0.01956596825890422,422,0.29307162980117385,0.09610877972985872,1504,resid_withot,xscale,expanding,line,False,1,expected,line,False,False,9.858626445567046,468,10.168486363917784,370
87,3575.7348936285525,0.01956596825890422,422,0.2930716298011742,0.09610877972985872,1504,resid_withot,xyscale,expanding,expected,True,1,expected,line,False,False,9.858626445567046,468,10.168486363917784,370
88,3575.7348936285525,0.01956596825890422,422,0.2930716298011742,0.09610877972985872,1504,resid_withot,xyscale,expanding,line,False,1,expected,line,False,False,9.858626445567046,468,10.168486363917784,370
89,3581.8187814463313,0.01956596825890422,422,0.299155517618953,0.09610877972985872,1504,resid_withot,xscale,expanding,expected,False,-1,expected,line,True,True,9.858626445567046,468,10.168486363917784,370
90,3581.8187814463313,0.01956596825890422,422,0.29915551761895326,0.09610877972985872,1504,resid_withot,xyscale,expanding,expected,False,-1,expected,line,True,True,9.858626445567046,468,10.168486363917784,370
91,3581.8187814463313,0.01956596825890422,422,0.299155517618953,0.09610877972985872,1504,resid_withot,xscale,expanding,line,True,-1,expected,line,True,True,9.858626445567046,468,10.168486363917784,370
92,3581.8187814463313,0.01956596825890422,422,0.29915551761895326,0.09610877972985872,1504,resid_withot,xyscale,expanding,line,True,-1,expected,line,True,True,9.858626445567046,468,10.168486363917784,370
93,3586.684860850806,0.01956596825890422,422,0.30402159702342785,0.09610877972985872,1504,resid_withot,xscale,expanding,expected,False,-1,expected,expected,False,False,9.858626445567046,468,10.168486363917784,370
94,3586.684860850806,0.01956596825890422,422,0.3040215970234282,0.09610877972985872,1504,resid_withot,xyscale,expanding,expected,False,-1,expected,expected,False,False,9.858626445567046,468,10.168486363917784,370
95,3586.684860850806,0.01956596825890422,422,0.30402159702342785,0.09610877972985872,1504,resid_withot,xscale,expanding,line,True,-1,expected,expected,False,False,9.858626445567046,468,10.168486363917784,370
96,3586.684860850806,0.01956596825890422,422,0.3040215970234282,0.09610877972985872,1504,resid_withot,xyscale,expanding,line,True,-1,expected,expected,False,False,9.858626445567046,468,10.168486363917784,370
97,3591.890557170296,0.01956596825890422,422,0.30922729334291776,0.09610877972985872,1504,resid_withot,xscale,expanding,expected,True,1,expected,line,False,True,9.858626445567046,468,10.168486363917784,370
98,3591.890557170296,0.01956596825890422,422,0.30922729334291776,0.09610877972985872,1504,resid_withot,xscale,expanding,line,False,1,expected,line,False,True,9.858626445567046,468,10.168486363917784,370
99,3591.8905571702962,0.01956596825890422,422,0.30922729334291804,0.09610877972985872,1504,resid_withot,xyscale,expanding,expected,True,1,expected,line,False,True,9.858626445567046,468,10.168486363917784,370
100,3591.8905571702962,0.01956596825890422,422,0.30922729334291804,0.09610877972985872,1504,resid_withot,xyscale,expanding,line,False,1,expected,line,False,True,9.858626445567046,468,10.168486363917784,370
101,3600.257775968523,0.020006812922948924,440,0.2731518684866291,0.09523392980458312,1254,resid_withot,xscale,expanding,expected,False,-1,line,line,True,False,9.858742622558513,467,10.168811031590362,380
102,3600.257775968523,0.020006812922948924,440,0.2731518684866291,0.09523392980458312,1254,resid_withot,xscale,expanding,line,True,-1,line,line,True,False,9.858742622558513,467,10.168811031590362,380
103,3600.2577759685237,0.020006812922948924,440,0.2731518684866294,0.09523392980458312,1254,resid_withot,xyscale,expanding,expected,False,-1,line,line,True,False,9.858742622558513,467,10.168811031590362,380
104,3600.2577759685237,0.020006812922948924,440,0.2731518684866294,0.09523392980458312,1254,resid_withot,xyscale,expanding,line,True,-1,line,line,True,False,9.858742622558513,467,10.168811031590362,380
105,3602.84052439255,0.01956596825890422,422,0.32017726056517176,0.09610877972985872,1504,resid_withot,xscale,expanding,expected,False,-1,expected,expected,False,True,9.858626445567046,468,10.168486363917784,370
106,3602.84052439255,0.01956596825890422,422,0.32017726056517176,0.09610877972985872,1504,resid_withot,xscale,expanding,line,True,-1,expected,expected,False,True,9.858626445567046,468,10.168486363917784,370
107,3602.8405243925504,0.01956596825890422,422,0.32017726056517204,0.09610877972985872,1504,resid_withot,xyscale,expanding,expected,False,-1,expected,expected,False,True,9.858626445567046,468,10.168486363917784,370
108,3602.8405243925504,0.01956596825890422,422,0.32017726056517204,0.09610877972985872,1504,resid_withot,xyscale,expanding,line,True,-1,expected,expected,False,True,9.858626445567046,468,10.168486363917784,370
109,3610.3295516924877,0.020006812922948924,440,0.2832236442105939,0.09523392980458312,1254,resid_withot,xscale,expanding,expected,True,1,line,line,False,False,9.858742622558513,467,10.168811031590362,380
110,3610.3295516924877,0.020006812922948924,440,0.2832236442105939,0.09523392980458312,1254,resid_withot,xscale,expanding,line,False,1,line,line,False,False,9.858742622558513,467,10.168811031590362,380
111,3610.329551692488,0.020006812922948924,440,0.28322364421059415,0.09523392980458312,1254,resid_withot,xyscale,expanding,expected,True,1,line,line,False,False,9.858742622558513,467,10.168811031590362,380
112,3610.329551692488,0.020006812922948924,440,0.28322364421059415,0.09523392980458312,1254,resid_withot,xyscale,expanding,line,False,1,line,line,False,False,9.858742622558513,467,10.168811031590362,380
113,3613.0875103645244,0.020006812922948924,440,0.2859816028826302,0.09523392980458312,1254,resid_withot,xscale,expanding,expected,False,-1,line,expected,False,False,9.858742622558513,467,10.168811031590362,380
114,3613.0875103645244,0.020006812922948924,440,0.2859816028826304,0.09523392980458312,1254,resid_withot,xyscale,expanding,expected,False,-1,line,expected,False,False,9.858742622558513,467,10.168811031590362,380
115,3613.0875103645244,0.020006812922948924,440,0.2859816028826302,0.09523392980458312,1254,resid_withot,xscale,expanding,line,True,-1,line,expected,False,False,9.858742622558513,467,10.168811031590362,380
116,3613.0875103645244,0.020006812922948924,440,0.2859816028826304,0.09523392980458312,1254,resid_withot,xyscale,expanding,line,True,-1,line,expected,False,False,9.858742622558513,467,10.168811031590362,380
117,3616.413439510267,0.020006812922948924,440,0.289307532028373,0.09523392980458312,1254,resid_withot,xscale,expanding,expected,False,-1,line,line,True,True,9.858742622558513,467,10.168811031590362,380
118,3616.413439510267,0.020006812922948924,440,0.289307532028373,0.09523392980458312,1254,resid_withot,xscale,expanding,line,True,-1,line,line,True,True,9.858742622558513,467,10.168811031590362,380
119,3616.4134395102674,0.020006812922948924,440,0.2893075320283733,0.09523392980458312,1254,resid_withot,xyscale,expanding,expected,False,-1,line,line,True,True,9.858742622558513,467,10.168811031590362,380
120,3616.4134395102674,0.020006812922948924,440,0.2893075320283733,0.09523392980458312,1254,resid_withot,xyscale,expanding,line,True,-1,line,line,True,True,9.858742622558513,467,10.168811031590362,380
121,3617.14544129906,0.01956596825890422,422,0.3344821774716822,0.09610877972985872,1504,resid_withot,xscale,expanding,expected,True,1,expected,line,True,False,9.858626445567046,468,10.168486363917784,370
122,3617.14544129906,0.01956596825890422,422,0.3344821774716822,0.09610877972985872,1504,resid_withot,xscale,expanding,line,False,1,expected,line,True,False,9.858626445567046,468,10.168486363917784,370
123,3617.1454412990606,0.01956596825890422,422,0.3344821774716825,0.09610877972985872,1504,resid_withot,xyscale,expanding,expected,True,1,expected,line,True,False,9.858626445567046,468,10.168486363917784,370
124,3617.1454412990606,0.01956596825890422,422,0.3344821774716825,0.09610877972985872,1504,resid_withot,xyscale,expanding,line,False,1,expected,line,True,False,9.858626445567046,468,10.168486363917784,370
125,3626.485215234232,0.020006812922948924,440,0.29937930775233773,0.09523392980458312,1254,resid_withot,xscale,expanding,expected,True,1,line,line,False,True,9.858742622558513,467,10.168811031590362,380
126,3626.485215234232,0.020006812922948924,440,0.29937930775233773,0.09523392980458312,1254,resid_withot,xscale,expanding,line,False,1,line,line,False,True,9.858742622558513,467,10.168811031590362,380
127,3626.4852152342323,0.020006812922948924,440,0.299379307752338,0.09523392980458312,1254,resid_withot,xyscale,expanding,expected,True,1,line,line,False,True,9.858742622558513,467,10.168811031590362,380
128,3626.4852152342323,0.020006812922948924,440,0.299379307752338,0.09523392980458312,1254,resid_withot,xyscale,expanding,line,False,1,line,line,False,True,9.858742622558513,467,10.168811031590362,380
129,3628.0954085213143,0.01956596825890422,422,0.3454321446939362,0.09610877972985872,1504,resid_withot,xscale,expanding,expected,False,-1,expected,expected,True,False,9.858626445567046,468,10.168486363917784,370
130,3628.0954085213143,0.01956596825890422,422,0.3454321446939362,0.09610877972985872,1504,resid_withot,xscale,expanding,line,True,-1,expected,expected,True,False,9.858626445567046,468,10.168486363917784,370
131,3628.0954085213148,0.01956596825890422,422,0.34543214469393646,0.09610877972985872,1504,resid_withot,xyscale,expanding,expected,False,-1,expected,expected,True,False,9.858626445567046,468,10.168486363917784,370
132,3628.0954085213148,0.01956596825890422,422,0.34543214469393646,0.09610877972985872,1504,resid_withot,xyscale,expanding,line,True,-1,expected,expected,True,False,9.858626445567046,468,10.168486363917784,370
133,3629.243173906268,0.020006812922948924,440,0.3021372664243741,0.09523392980458312,1254,resid_withot,xscale,expanding,expected,False,-1,line,expected,False,True,9.858742622558513,467,10.168811031590362,380
134,3629.243173906268,0.020006812922948924,440,0.3021372664243741,0.09523392980458312,1254,resid_withot,xscale,expanding,line,True,-1,line,expected,False,True,9.858742622558513,467,10.168811031590362,380
135,3629.2431739062686,0.020006812922948924,440,0.30213726642437433,0.09523392980458312,1254,resid_withot,xyscale,expanding,expected,False,-1,line,expected,False,True,9.858742622558513,467,10.168811031590362,380
136,3629.2431739062686,0.020006812922948924,440,0.30213726642437433,0.09523392980458312,1254,resid_withot,xyscale,expanding,line,True,-1,line,expected,False,True,9.858742622558513,467,10.168811031590362,380
137,3633.3011048408043,0.01956596825890422,422,0.3506378410134261,0.09610877972985872,1504,resid_withot,xscale,expanding,expected,True,1,expected,line,True,True,9.858626445567046,468,10.168486363917784,370
138,3633.3011048408043,0.01956596825890422,422,0.3506378410134264,0.09610877972985872,1504,resid_withot,xyscale,expanding,expected,True,1,expected,line,True,True,9.858626445567046,468,10.168486363917784,370
139,3633.3011048408043,0.01956596825890422,422,0.3506378410134261,0.09610877972985872,1504,resid_withot,xscale,expanding,line,False,1,expected,line,True,True,9.858626445567046,468,10.168486363917784,370
140,3633.3011048408043,0.01956596825890422,422,0.3506378410134264,0.09610877972985872,1504,resid_withot,xyscale,expanding,line,False,1,expected,line,True,True,9.858626445567046,468,10.168486363917784,370
141,3638.1671842452793,0.01956596825890422,422,0.35550392041790096,0.09610877972985872,1504,resid_withot,xscale,expanding,expected,True,1,expected,expected,False,False,9.858626445567046,468,10.168486363917784,370
142,3638.1671842452793,0.01956596825890422,422,0.3555039204179013,0.09610877972985872,1504,resid_withot,xyscale,expanding,expected,True,1,expected,expected,False,False,9.858626445567046,468,10.168486363917784,370
143,3638.1671842452793,0.01956596825890422,422,0.35550392041790096,0.09610877972985872,1504,resid_withot,xscale,expanding,line,False,1,expected,expected,False,False,9.858626445567046,468,10.168486363917784,370
144,3638.1671842452793,0.01956596825890422,422,0.3555039204179013,0.09610877972985872,1504,resid_withot,xyscale,expanding,line,False,1,expected,expected,False,False,9.858626445567046,468,10.168486363917784,370
145,3644.251072063058,0.01956596825890422,422,0.36158780823568004,0.09610877972985872,1504,resid_withot,xscale,expanding,expected,False,-1,expected,expected,True,True,9.858626445567046,468,10.168486363917784,370
146,3644.251072063058,0.01956596825890422,422,0.36158780823568004,0.09610877972985872,1504,resid_withot,xscale,expanding,line,True,-1,expected,expected,True,True,9.858626445567046,468,10.168486363917784,370
147,3644.2510720630585,0.01956596825890422,422,0.3615878082356804,0.09610877972985872,1504,resid_withot,xyscale,expanding,expected,False,-1,expected,expected,True,True,9.858626445567046,468,10.168486363917784,370
148,3644.2510720630585,0.01956596825890422,422,0.3615878082356804,0.09610877972985872,1504,resid_withot,xyscale,expanding,line,True,-1,expected,expected,True,True,9.858626445567046,468,10.168486363917784,370
149,3651.7400993629963,0.020006812922948924,440,0.3246341918811022,0.09523392980458312,1254,resid_withot,xscale,expanding,expected,True,1,line,line,True,False,9.858742622558513,467,10.168811031590362,380
150,3651.7400993629963,0.020006812922948924,440,0.3246341918811022,0.09523392980458312,1254,resid_withot,xscale,expanding,line,False,1,line,line,True,False,9.858742622558513,467,10.168811031590362,380
151,3651.7400993629967,0.020006812922948924,440,0.32463419188110243,0.09523392980458312,1254,resid_withot,xyscale,expanding,expected,True,1,line,line,True,False,9.858742622558513,467,10.168811031590362,380
152,3651.7400993629967,0.020006812922948924,440,0.32463419188110243,0.09523392980458312,1254,resid_withot,xyscale,expanding,line,False,1,line,line,True,False,9.858742622558513,467,10.168811031590362,380
153,3654.322847787023,0.01956596825890422,422,0.3716595839596449,0.09610877972985872,1504,resid_withot,xscale,expanding,expected,True,1,expected,expected,False,True,9.858626445567046,468,10.168486363917784,370
154,3654.322847787023,0.01956596825890422,422,0.3716595839596449,0.09610877972985872,1504,resid_withot,xscale,expanding,line,False,1,expected,expected,False,True,9.858626445567046,468,10.168486363917784,370
155,3654.3228477870234,0.01956596825890422,422,0.37165958395964516,0.09610877972985872,1504,resid_withot,xyscale,expanding,expected,True,1,expected,expected,False,True,9.858626445567046,468,10.168486363917784,370
156,3654.3228477870234,0.01956596825890422,422,0.37165958395964516,0.09610877972985872,1504,resid_withot,xyscale,expanding,line,False,1,expected,expected,False,True,9.858626445567046,468,10.168486363917784,370
157,3654.4980580350325,0.020006812922948924,440,0.32739215055313853,0.09523392980458312,1254,resid_withot,xscale,expanding,expected,False,-1,line,expected,True,False,9.858742622558513,467,10.168811031590362,380
158,3654.4980580350325,0.020006812922948924,440,0.32739215055313853,0.09523392980458312,1254,resid_withot,xscale,expanding,line,True,-1,line,expected,True,False,9.858742622558513,467,10.168811031590362,380
159,3654.498058035033,0.020006812922948924,440,0.32739215055313875,0.09523392980458312,1254,resid_withot,xyscale,expanding,expected,False,-1,line,expected,True,False,9.858742622558513,467,10.168811031590362,380
160,3654.498058035033,0.020006812922948924,440,0.32739215055313875,0.09523392980458312,1254,resid_withot,xyscale,expanding,line,True,-1,line,expected,True,False,9.858742622558513,467,10.168811031590362,380
161,3664.5698337589974,0.020006812922948924,440,0.3374639262771033,0.09523392980458312,1254,resid_withot,xscale,expanding,expected,True,1,line,expected,False,False,9.858742622558513,467,10.168811031590362,380
162,3664.5698337589974,0.020006812922948924,440,0.3374639262771035,0.09523392980458312,1254,resid_withot,xyscale,expanding,expected,True,1,line,expected,False,False,9.858742622558513,467,10.168811031590362,380
163,3664.5698337589974,0.020006812922948924,440,0.3374639262771033,0.09523392980458312,1254,resid_withot,xscale,expanding,line,False,1,line,expected,False,False,9.858742622558513,467,10.168811031590362,380
164,3664.5698337589974,0.020006812922948924,440,0.3374639262771035,0.09523392980458312,1254,resid_withot,xyscale,expanding,line,False,1,line,expected,False,False,9.858742622558513,467,10.168811031590362,380
165,3667.89576290474,0.020006812922948924,440,0.34078985542284607,0.09523392980458312,1254,resid_withot,xscale,expanding,expected,True,1,line,line,True,True,9.858742622558513,467,10.168811031590362,380
166,3667.89576290474,0.020006812922948924,440,0.34078985542284607,0.09523392980458312,1254,resid_withot,xscale,expanding,line,False,1,line,line,True,True,9.858742622558513,467,10.168811031590362,380
167,3667.8957629047404,0.020006812922948924,440,0.34078985542284634,0.09523392980458312,1254,resid_withot,xyscale,expanding,expected,True,1,line,line,True,True,9.858742622558513,467,10.168811031590362,380
168,3667.8957629047404,0.020006812922948924,440,0.34078985542284634,0.09523392980458312,1254,resid_withot,xyscale,expanding,line,False,1,line,line,True,True,9.858742622558513,467,10.168811031590362,380
169,3670.6537215767767,0.020006812922948924,440,0.34354781409488244,0.09523392980458312,1254,resid_withot,xscale,expanding,expected,False,-1,line,expected,True,True,9.858742622558513,467,10.168811031590362,380
170,3670.6537215767767,0.020006812922948924,440,0.3435478140948826,0.09523392980458312,1254,resid_withot,xyscale,expanding,expected,False,-1,line,expected,True,True,9.858742622558513,467,10.168811031590362,380
171,3670.6537215767767,0.020006812922948924,440,0.34354781409488244,0.09523392980458312,1254,resid_withot,xscale,expanding,line,True,-1,line,expected,True,True,9.858742622558513,467,10.168811031590362,380
172,3670.6537215767767,0.020006812922948924,440,0.3435478140948826,0.09523392980458312,1254,resid_withot,xyscale,expanding,line,True,-1,line,expected,True,True,9.858742622558513,467,10.168811031590362,380
173,3679.5777319157874,0.01956596825890422,422,0.3969144680884093,0.09610877972985872,1504,resid_withot,xscale,expanding,expected,True,1,expected,expected,True,False,9.858626445567046,468,10.168486363917784,370
174,3679.5777319157874,0.01956596825890422,422,0.3969144680884093,0.09610877972985872,1504,resid_withot,xscale,expanding,line,False,1,expected,expected,True,False,9.858626445567046,468,10.168486363917784,370
175,3679.577731915788,0.01956596825890422,422,0.3969144680884096,0.09610877972985872,1504,resid_withot,xyscale,expanding,expected,True,1,expected,expected,True,False,9.858626445567046,468,10.168486363917784,370
176,3679.577731915788,0.01956596825890422,422,0.3969144680884096,0.09610877972985872,1504,resid_withot,xyscale,expanding,line,False,1,expected,expected,True,False,9.858626445567046,468,10.168486363917784,370
177,3680.725497300741,0.020006812922948924,440,0.35361958981884717,0.09523392980458312,1254,resid_withot,xscale,expanding,expected,True,1,line,expected,False,True,9.858742622558513,467,10.168811031590362,380
178,3680.725497300741,0.020006812922948924,440,0.35361958981884717,0.09523392980458312,1254,resid_withot,xscale,expanding,line,False,1,line,expected,False,True,9.858742622558513,467,10.168811031590362,380
179,3680.7254973007416,0.020006812922948924,440,0.35361958981884734,0.09523392980458312,1254,resid_withot,xyscale,expanding,expected,True,1,line,expected,False,True,9.858742622558513,467,10.168811031590362,380
180,3680.7254973007416,0.020006812922948924,440,0.35361958981884734,0.09523392980458312,1254,resid_withot,xyscale,expanding,line,False,1,line,expected,False,True,9.858742622558513,467,10.168811031590362,380
181,3695.7333954575315,0.01956596825890422,422,0.41307013163015316,0.09610877972985872,1504,resid_withot,xscale,expanding,expected,True,1,expected,expected,True,True,9.858626445567046,468,10.168486363917784,370
182,3695.7333954575315,0.01956596825890422,422,0.4130701316301535,0.09610877972985872,1504,resid_withot,xyscale,expanding,expected,True,1,expected,expected,True,True,9.858626445567046,468,10.168486363917784,370
183,3695.7333954575315,0.01956596825890422,422,0.41307013163015316,0.09610877972985872,1504,resid_withot,xscale,expanding,line,False,1,expected,expected,True,True,9.858626445567046,468,10.168486363917784,370
184,3695.7333954575315,0.01956596825890422,422,0.4130701316301535,0.09610877972985872,1504,resid_withot,xyscale,expanding,line,False,1,expected,expected,True,True,9.858626445567046,468,10.168486363917784,370
185,3705.9803814295055,0.020006812922948924,440,0.37887447394761165,0.09523392980458312,1254,resid_withot,xscale,expanding,expected,True,1,line,expected,True,False,9.858742622558513,467,10.168811031590362,380
186,3705.9803814295055,0.020006812922948924,440,0.37887447394761165,0.09523392980458312,1254,resid_withot,xscale,expanding,line,False,1,line,expected,True,False,9.858742622558513,467,10.168811031590362,380
187,3705.980381429506,0.020006812922948924,440,0.37887447394761176,0.09523392980458312,1254,resid_withot,xyscale,expanding,expected,True,1,line,expected,True,False,9.858742622558513,467,10.168811031590362,380
188,3705.980381429506,0.020006812922948924,440,0.37887447394761176,0.09523392980458312,1254,resid_withot,xyscale,expanding,line,False,1,line,expected,True,False,9.858742622558513,467,10.168811031590362,380
189,3722.1360449712497,0.020006812922948924,440,0.3950301374893555,0.09523392980458312,1254,resid_withot,xscale,expanding,expected,True,1,line,expected,True,True,9.858742622558513,467,10.168811031590362,380
190,3722.1360449712497,0.020006812922948924,440,0.39503013748935567,0.09523392980458312,1254,resid_withot,xyscale,expanding,expected,True,1,line,expected,True,True,9.858742622558513,467,10.168811031590362,380
191,3722.1360449712497,0.020006812922948924,440,0.3950301374893555,0.09523392980458312,1254,resid_withot,xscale,expanding,line,False,1,line,expected,True,True,9.858742622558513,467,10.168811031590362,380
192,3722.1360449712497,0.020006812922948924,440,0.39503013748935567,0.09523392980458312,1254,resid_withot,xyscale,expanding,line,False,1,line,expected,True,True,9.858742622558513,467,10.168811031590362,380
193,3726.621244425216,0.01956596825890422,422,0.44395798059783764,0.09610877972985872,1504,resid_withot,xscale,expanding,expected,True,-1,expected,line,False,False,9.858626445567046,468,10.168486363917784,370
194,3726.621244425216,0.01956596825890422,422,0.443957980597838,0.09610877972985872,1504,resid_withot,xyscale,expanding,expected,True,-1,expected,line,False,False,9.858626445567046,468,10.168486363917784,370
195,3726.621244425216,0.01956596825890422,422,0.44395798059783764,0.09610877972985872,1504,resid_withot,xscale,expanding,line,False,-1,expected,line,False,False,9.858626445567046,468,10.168486363917784,370
196,3726.621244425216,0.01956596825890422,422,0.443957980597838,0.09610877972985872,1504,resid_withot,xyscale,expanding,line,False,-1,expected,line,False,False,9.858626445567046,468,10.168486363917784,370
197,3739.0570428412775,0.018105004603100383,520,0.10346113058174808,0.08621916403950436,1212,resid_noot,xscale,expanding,expected,False,1,expected,line,False,False,9.857604910651434,490,10.166823017997523,397
198,3739.0570428412775,0.018105004603100383,520,0.10346113058174808,0.08621916403950436,1212,resid_noot,xscale,expanding,line,True,1,expected,line,False,False,9.857604910651434,490,10.166823017997523,397
199,3739.057042841278,0.018105004603100383,520,0.10346113058174845,0.08621916403950436,1212,resid_noot,xyscale,expanding,expected,False,1,expected,line,False,False,9.857604910651434,490,10.166823017997523,397
200,3739.057042841278,0.018105004603100383,520,0.10346113058174845,0.08621916403950436,1212,resid_noot,xyscale,expanding,line,True,1,expected,line,False,False,9.857604910651434,490,10.166823017997523,397
