GAME_ID,Date,HomeTeam,AwayTeam,HomeSpread_AtOpen,HomeSpread_AtClose,2H_HomeSpread,Over_AtClose,2H_Over,ht_home,ht_away,ht_margin,pregame_home_expected_margin,h2_home_expected_margin,ht_margin_surprise_vs_fullgame_half,second_half_margin_no_ot,second_half_margin_with_ot,sign_flip_close_to_h2
0020700007,2007-10-31 00:00:00,NJN,CHI,-2.0,-1.5,3.0,186.0,94.0,56.0,41.0,15.0,1.5,-3.0,14.25,-15.0,-6.0,True
0020700008,2007-10-31 00:00:00,CLE,DAL,3.0,2.5,-4.0,184.0,91.5,34.0,54.0,-20.0,-2.5,4.0,-18.75,2.0,2.0,True
0020700021,2007-11-02 00:00:00,BOS,WAS,-6.0,-7.5,2.5,205.5,105.0,58.0,36.0,22.0,7.5,-2.5,18.25,-2.0,-2.0,True
0020700044,2007-11-06 00:00:00,CHA,PHX,4.0,4.0,-3.5,207.0,101.0,37.0,59.0,-22.0,-4.0,3.5,-20.0,-10.0,-10.0,True
0020700055,2007-11-07 00:00:00,PHI,CHA,-3.5,-4.0,3.0,189.0,93.5,49.0,32.0,17.0,4.0,-3.0,15.0,14.0,14.0,True
0020700058,2007-11-07 00:00:00,BOS,DEN,-5.5,-6.5,5.5,202.5,99.5,77.0,38.0,39.0,6.5,-5.5,35.75,-13.0,-13.0,True
0020700064,2007-11-08 00:00:00,CHI,DET,-1.5,-1.0,1.5,182.0,90.0,51.0,45.0,6.0,1.0,-1.5,5.5,-2.0,-2.0,True
0020700066,2007-11-09 00:00:00,PHI,TOR,-1.0,2.0,-1.5,187.5,94.5,39.0,47.0,-8.0,-2.0,1.5,-7.0,6.0,6.0,True
0020700073,2007-11-09 00:00:00,NOH,SAS,3.5,3.5,-1.0,186.0,94.0,45.0,52.0,-7.0,-3.5,1.0,-5.25,-5.0,-5.0,True
0020700071,2007-11-09 00:00:00,WAS,DEN,3.0,2.0,-1.5,209.5,106.5,51.0,60.0,-9.0,-2.0,1.5,-8.0,-17.0,-17.0,True
0020700079,2007-11-10 00:00:00,ORL,PHX,0.0,1.5,-4.0,209.0,102.5,43.0,59.0,-16.0,-1.5,4.0,-15.25,6.0,6.0,True
0020700088,2007-11-11 00:00:00,PHI,NOH,2.0,3.0,-2.5,190.5,95.0,37.0,51.0,-14.0,-3.0,2.5,-12.5,-7.0,-7.0,True
0020700090,2007-11-11 00:00:00,SAS,MIL,-10.5,-10.5,1.5,186.5,93.5,65.0,38.0,27.0,10.5,-1.5,21.75,-2.0,-2.0,True
0020700091,2007-11-11 00:00:00,SEA,DET,6.5,6.5,-1.0,196.0,96.0,52.0,64.0,-12.0,-6.5,1.0,-8.75,8.0,8.0,True
0020700092,2007-11-11 00:00:00,LAC,CLE,0.0,1.0,-1.5,192.0,95.0,44.0,50.0,-6.0,-1.0,1.5,-5.5,-2.0,-2.0,True
0020700093,2007-11-12 00:00:00,NJN,NOH,-2.0,2.0,-3.0,184.5,92.5,37.0,49.0,-12.0,-2.0,3.0,-11.0,10.0,10.0,True
0020700101,2007-11-13 00:00:00,SAS,LAL,-8.5,-8.0,1.0,199.0,98.0,54.0,38.0,16.0,8.0,-1.0,12.0,-1.0,-1.0,True
0020700105,2007-11-14 00:00:00,WAS,IND,-6.0,-5.5,2.0,200.5,99.0,56.0,41.0,15.0,5.5,-2.0,12.25,-2.0,-2.0,True
0020700106,2007-11-14 00:00:00,ATL,CHA,-5.0,-5.5,1.5,188.0,93.5,63.0,48.0,15.0,5.5,-1.5,12.25,-7.0,-7.0,True
0020700117,2007-11-15 00:00:00,DAL,SAS,-3.0,-1.5,5.0,189.5,94.0,59.0,40.0,19.0,1.5,-5.0,18.25,-6.0,-6.0,True
0020700122,2007-11-16 00:00:00,NJN,ORL,3.5,3.5,-2.0,186.0,94.0,32.0,45.0,-13.0,-3.5,2.0,-11.25,-12.0,-12.0,True
0020700128,2007-11-16 00:00:00,SAC,NYK,-3.0,-3.5,1.0,198.5,98.5,57.0,47.0,10.0,3.5,-1.0,8.25,-10.0,-5.0,True
0020700131,2007-11-17 00:00:00,WAS,POR,-5.5,-4.5,1.0,190.0,97.5,47.0,38.0,9.0,4.5,-1.0,6.75,10.0,10.0,True
0020700134,2007-11-17 00:00:00,NJN,MIA,-2.0,3.0,-1.5,174.0,88.0,35.0,45.0,-10.0,-3.0,1.5,-8.5,6.0,6.0,True
0020700137,2007-11-17 00:00:00,HOU,PHX,4.5,5.5,-1.5,196.0,98.0,57.0,69.0,-12.0,-5.5,1.5,-9.25,2.0,2.0,True
0020700140,2007-11-17 00:00:00,LAC,CHI,1.5,3.0,-1.5,187.0,92.5,40.0,51.0,-11.0,-3.0,1.5,-9.5,-8.0,-8.0,True
0020700146,2007-11-19 00:00:00,MEM,SEA,-6.0,-5.5,2.0,218.5,105.5,68.0,53.0,15.0,5.5,-2.0,12.25,2.0,2.0,True
0020700149,2007-11-20 00:00:00,WAS,PHI,-6.0,-5.0,3.0,183.5,93.5,60.0,44.0,16.0,5.0,-3.0,13.5,-1.0,-1.0,True
0020700152,2007-11-20 00:00:00,IND,LAL,2.0,1.5,-1.5,207.5,102.5,63.0,71.0,-8.0,-1.5,1.5,-7.25,-12.0,-12.0,True
0020700150,2007-11-20 00:00:00,ATL,SAS,5.5,6.0,-2.0,190.0,94.5,44.0,61.0,-17.0,-6.0,2.0,-14.0,5.0,5.0,True
0020700153,2007-11-20 00:00:00,NYK,GSW,0.0,1.0,-3.0,220.0,104.5,47.0,60.0,-13.0,-1.0,3.0,-12.5,-13.0,-13.0,True
0020700155,2007-11-20 00:00:00,DEN,CHI,-6.0,-8.5,2.0,201.5,101.0,72.0,53.0,19.0,8.5,-2.0,14.75,2.0,2.0,True
0020700172,2007-11-23 00:00:00,BOS,LAL,-7.5,-8.0,1.5,205.0,101.0,53.0,35.0,18.0,8.0,-1.5,14.0,-5.0,-5.0,True
0020700181,2007-11-23 00:00:00,SEA,NJN,3.0,3.0,-1.5,195.5,99.5,42.0,52.0,-10.0,-3.0,1.5,-8.5,5.0,5.0,True
0020700189,2007-11-24 00:00:00,HOU,DEN,-5.0,-6.0,2.0,200.5,96.5,58.0,40.0,18.0,6.0,-2.0,15.0,10.0,10.0,True
0020700194,2007-11-25 00:00:00,DET,UTA,-2.0,1.0,-1.5,190.0,97.5,50.0,57.0,-7.0,-1.0,1.5,-6.5,-3.0,-3.0,True
0020700211,2007-11-28 00:00:00,TOR,MEM,-8.0,-6.5,2.0,207.0,101.0,57.0,39.0,18.0,6.5,-2.0,14.75,-6.0,-6.0,True
0020700226,2007-11-30 00:00:00,NYK,MIL,0.0,1.0,-2.5,194.5,97.5,44.0,55.0,-11.0,-1.0,2.5,-10.5,14.0,14.0,True
0020700228,2007-11-30 00:00:00,MIA,BOS,2.5,2.5,-3.0,185.0,92.0,41.0,59.0,-18.0,-2.5,3.0,-16.75,8.0,8.0,True
0020700231,2007-11-30 00:00:00,UTA,LAL,-8.0,-5.0,3.0,209.0,106.0,70.0,51.0,19.0,5.0,-3.0,16.5,5.0,5.0,True
0020700240,2007-12-01 00:00:00,MIL,DET,2.5,5.0,-2.5,192.5,95.5,42.0,56.0,-14.0,-5.0,2.5,-11.5,-12.0,-12.0,True
0020700247,2007-12-02 00:00:00,DEN,MIA,-6.0,-5.0,2.5,207.0,102.0,59.0,42.0,17.0,5.0,-2.5,14.5,9.0,9.0,True
0020700248,2007-12-02 00:00:00,SEA,GSW,6.0,6.0,-2.5,218.5,104.5,41.0,60.0,-19.0,-6.0,2.5,-16.0,6.0,6.0,True
0020700250,2007-12-03 00:00:00,TOR,CHA,-5.0,-4.0,3.5,190.5,92.0,54.0,33.0,21.0,4.0,-3.5,19.0,-2.0,-2.0,True
0020700253,2007-12-03 00:00:00,CHI,DAL,3.0,3.0,-2.0,189.0,94.0,44.0,56.0,-12.0,-3.0,2.0,-10.5,7.0,7.0,True
0020700261,2007-12-04 00:00:00,LAC,MIL,-2.0,-1.5,2.5,193.0,96.0,49.0,36.0,13.0,1.5,-2.5,12.25,-22.0,-22.0,True
0020700269,2007-12-05 00:00:00,SAS,DAL,0.0,2.5,-1.0,194.5,98.0,42.0,49.0,-7.0,-2.5,1.0,-5.75,9.0,9.0,True
0020700271,2007-12-05 00:00:00,GSW,MIL,-9.0,-10.5,1.0,217.5,103.5,57.0,36.0,21.0,10.5,-1.0,15.75,9.0,9.0,True
0020700281,2007-12-07 00:00:00,NJN,HOU,4.0,5.0,-2.0,184.0,93.0,33.0,48.0,-15.0,-5.0,2.0,-12.5,8.0,8.0,True
0020700288,2007-12-08 00:00:00,ATL,MEM,-4.5,-4.0,1.5,204.0,100.0,39.0,28.0,11.0,4.0,-1.5,9.0,-3.0,-3.0,True
0020700294,2007-12-09 00:00:00,TOR,HOU,2.0,4.0,-2.0,186.5,92.5,34.0,45.0,-11.0,-4.0,2.0,-9.0,24.0,24.0,True
0020700308,2007-12-11 00:00:00,CLE,IND,-5.0,-2.0,3.0,197.0,97.0,65.0,49.0,16.0,2.0,-3.0,15.0,-3.0,-3.0,True
0020700307,2007-12-11 00:00:00,ATL,TOR,2.0,2.5,-2.0,185.0,92.0,43.0,54.0,-11.0,-2.5,2.0,-9.75,-1.0,-1.0,True
0020700310,2007-12-11 00:00:00,MEM,DET,6.0,5.5,-1.5,204.5,100.0,48.0,61.0,-13.0,-5.5,1.5,-10.25,3.0,3.0,True
0020700311,2007-12-11 00:00:00,CHI,SEA,-7.5,-8.5,1.0,192.5,94.5,67.0,49.0,18.0,8.5,-1.0,13.75,9.0,9.0,True
0020700313,2007-12-11 00:00:00,GSW,SAS,3.0,-2.0,3.5,214.5,103.0,53.0,37.0,16.0,2.0,-3.5,15.0,-4.0,-4.0,True
0020700329,2007-12-14 00:00:00,IND,TOR,-2.0,-2.5,1.5,204.0,100.0,52.0,41.0,11.0,2.5,-1.5,9.75,-22.0,-22.0,True
0020700350,2007-12-16 00:00:00,DET,GSW,-7.0,-5.5,4.0,208.0,99.5,58.0,35.0,23.0,5.5,-4.0,20.25,-1.0,-1.0,True
0020700356,2007-12-17 00:00:00,NYK,IND,2.5,2.5,-1.0,204.0,100.0,46.0,53.0,-7.0,-2.5,1.0,-5.75,-20.0,-20.0,True
0020700377,2007-12-19 00:00:00,SEA,NOH,3.0,2.5,-3.5,191.5,92.0,33.0,52.0,-19.0,-2.5,3.5,-17.75,5.0,5.0,True
0020700384,2007-12-21 00:00:00,CHA,NYK,-5.0,-6.0,2.5,193.5,95.5,67.0,44.0,23.0,6.0,-2.5,20.0,-13.0,-13.0,True
0020700396,2007-12-22 00:00:00,CHI,HOU,0.0,1.5,-0.5,184.0,93.0,48.0,52.0,-4.0,-1.5,0.5,-3.25,-14.0,-14.0,True
0020700400,2007-12-23 00:00:00,NYK,LAL,7.0,7.0,-0.5,204.0,101.0,37.0,55.0,-18.0,-7.0,0.5,-14.5,13.0,13.0,True
0020700404,2007-12-23 00:00:00,SAC,DEN,-3.0,-3.5,3.0,210.5,100.5,66.0,51.0,15.0,3.5,-3.0,13.25,-16.0,-16.0,True
0020700408,2007-12-26 00:00:00,PHI,MIA,-1.5,-3.0,4.0,191.5,93.5,55.0,38.0,17.0,3.0,-4.0,15.5,-6.0,-6.0,True
0020700410,2007-12-26 00:00:00,ATL,IND,-2.0,-2.5,1.0,203.0,101.0,52.0,45.0,7.0,2.5,-1.0,5.75,5.0,5.0,True
0020700415,2007-12-26 00:00:00,DEN,MIL,-8.0,-8.5,3.0,210.5,101.5,68.0,38.0,30.0,8.5,-3.0,25.75,-10.0,-10.0,True
0020700417,2007-12-26 00:00:00,SAC,BOS,6.0,7.5,-3.0,191.0,93.0,29.0,53.0,-24.0,-7.5,3.0,-20.25,4.0,4.0,True
0020700422,2007-12-28 00:00:00,CHA,NOH,3.5,3.5,-3.0,191.0,94.0,34.0,53.0,-19.0,-3.5,3.0,-17.25,5.0,5.0,True
0020700425,2007-12-28 00:00:00,DET,IND,-9.0,-9.5,1.5,198.0,96.5,64.0,41.0,23.0,9.5,-1.5,18.25,-10.0,-10.0,True
0020700432,2007-12-28 00:00:00,LAL,UTA,-4.0,-5.0,3.0,213.0,110.5,75.0,48.0,27.0,5.0,-3.0,24.5,-13.0,-13.0,True
0020700434,2007-12-29 00:00:00,DAL,ATL,-8.5,-8.0,1.0,189.5,94.5,54.0,35.0,19.0,8.0,-1.0,15.0,-6.0,-6.0,True
0020700435,2007-12-29 00:00:00,WAS,MIA,-8.0,-8.0,1.5,198.0,100.0,58.0,39.0,19.0,8.0,-1.5,15.0,3.0,3.0,True
0020700442,2007-12-29 00:00:00,SEA,MIN,-6.0,-5.5,0.5,201.0,100.0,57.0,46.0,11.0,5.5,-0.5,8.25,8.0,8.0,True
0020700456,2007-12-31 00:00:00,SEA,PHI,1.5,2.5,-2.0,189.5,92.0,34.0,46.0,-12.0,-2.5,2.0,-10.75,4.0,4.0,True
0020700457,2008-01-02 00:00:00,WAS,DET,5.5,5.0,-0.5,192.0,96.5,47.0,57.0,-10.0,-5.0,0.5,-7.5,-3.0,-3.0,True
0020700465,2008-01-02 00:00:00,MIN,POR,5.0,4.5,-0.5,190.0,97.0,42.0,52.0,-10.0,-4.5,0.5,-7.75,-1.0,-1.0,True
0020700469,2008-01-03 00:00:00,CHI,POR,-3.0,-4.0,0.5,188.0,96.0,48.0,41.0,7.0,4.0,-0.5,5.0,-7.0,-13.0,True
0020700472,2008-01-04 00:00:00,TOR,DET,4.5,4.5,-1.0,184.0,90.5,39.0,48.0,-9.0,-4.5,1.0,-6.75,-7.0,-7.0,True
0020700474,2008-01-04 00:00:00,IND,ATL,-2.0,-2.5,2.0,194.5,97.0,54.0,43.0,11.0,2.5,-2.0,9.75,11.0,11.0,True
0020700478,2008-01-04 00:00:00,MIN,DEN,6.5,5.0,-0.5,207.0,100.5,52.0,61.0,-9.0,-5.0,0.5,-6.5,-2.0,-2.0,True
0020700479,2008-01-04 00:00:00,MIL,WAS,-1.5,3.5,-3.0,196.0,100.5,31.0,52.0,-21.0,-3.5,3.0,-19.25,-3.0,-3.0,True
0020700482,2008-01-04 00:00:00,LAL,PHI,-7.5,-7.5,2.0,200.0,98.5,64.0,40.0,24.0,7.5,-2.0,20.25,7.0,7.0,True
0020700490,2008-01-06 00:00:00,TOR,CLE,-3.5,-4.0,1.0,185.0,91.5,43.0,33.0,10.0,4.0,-1.0,8.0,-13.0,-13.0,True
0020700492,2008-01-06 00:00:00,MIN,DAL,9.0,8.0,-1.5,193.5,95.5,35.0,58.0,-23.0,-8.0,1.5,-19.0,0.0,0.0,True
0020700498,2008-01-07 00:00:00,PHX,DEN,-7.0,-7.5,1.5,227.5,110.5,78.0,59.0,19.0,7.5,-1.5,15.25,3.0,3.0,True
0020700499,2008-01-07 00:00:00,GSW,SAS,-2.0,-1.5,1.5,205.0,100.5,51.0,44.0,7.0,1.5,-1.5,6.25,-7.0,2.0,True
0020700504,2008-01-08 00:00:00,MEM,LAL,5.0,6.5,-1.0,216.0,106.5,47.0,61.0,-14.0,-6.5,1.0,-10.75,-2.0,-2.0,True
0020700505,2008-01-08 00:00:00,MIN,MIA,1.5,-1.5,3.0,191.5,94.5,59.0,47.0,12.0,1.5,-3.0,11.25,-2.0,-2.0,True
0020700507,2008-01-08 00:00:00,UTA,IND,-8.5,-7.5,0.5,213.0,104.5,67.0,50.0,17.0,7.5,-0.5,13.25,5.0,5.0,True
0020700516,2008-01-09 00:00:00,DAL,DET,-3.0,-2.0,1.0,189.0,94.0,48.0,43.0,5.0,2.0,-1.0,4.0,11.0,11.0,True
0020700518,2008-01-09 00:00:00,POR,GSW,-2.0,-1.0,4.0,208.5,101.0,56.0,41.0,15.0,1.0,-4.0,14.5,3.0,3.0,True
0020700529,2008-01-11 00:00:00,HOU,MIN,-11.0,-10.0,2.5,186.0,92.0,65.0,33.0,32.0,10.0,-2.5,27.0,-1.0,-1.0,True
0020700542,2008-01-13 00:00:00,ATL,CHI,-5.0,-4.0,3.5,187.5,95.5,69.0,49.0,20.0,4.0,-3.5,18.0,1.0,1.0,True
0020700554,2008-01-15 00:00:00,ATL,DEN,-1.5,-3.0,3.5,209.5,101.5,65.0,44.0,21.0,3.0,-3.5,19.5,-10.0,-10.0,True
0020700559,2008-01-15 00:00:00,MIN,GSW,7.5,7.5,-0.5,212.5,102.0,44.0,56.0,-12.0,-7.5,0.5,-8.25,5.0,5.0,True
0020700572,2008-01-17 00:00:00,LAL,PHX,1.0,1.5,-3.0,226.0,108.0,43.0,56.0,-13.0,-1.5,3.0,-12.25,5.0,5.0,True
0020700575,2008-01-18 00:00:00,MIA,POR,2.5,3.5,-1.5,191.5,97.0,41.0,50.0,-9.0,-3.5,1.5,-7.25,2.0,2.0,True
0020700578,2008-01-18 00:00:00,MEM,SEA,-5.5,-5.5,3.0,215.5,105.5,68.0,47.0,21.0,5.5,-3.0,18.25,3.0,3.0,True
0020700590,2008-01-19 00:00:00,HOU,SAS,0.0,-1.0,1.5,180.0,89.5,45.0,39.0,6.0,1.0,-1.5,5.5,-4.0,-4.0,True
0020700602,2008-01-21 00:00:00,LAC,UTA,4.0,2.5,-2.0,196.5,99.0,43.0,54.0,-11.0,-2.5,2.0,-9.75,-5.0,-5.0,True
0020700604,2008-01-21 00:00:00,MEM,CHI,-1.5,-1.5,3.0,205.5,100.5,48.0,35.0,13.0,1.5,-3.0,12.25,1.0,1.0,True
0020700607,2008-01-21 00:00:00,LAL,DEN,-4.5,-2.5,1.0,225.0,108.0,67.0,57.0,10.0,2.5,-1.0,8.75,7.0,7.0,True
0020700609,2008-01-22 00:00:00,SAC,NJN,-5.5,-5.5,2.5,202.0,103.5,64.0,47.0,17.0,5.5,-2.5,14.25,17.0,17.0,True
0020700614,2008-01-23 00:00:00,MEM,ORL,3.0,3.5,-1.0,214.5,107.0,48.0,58.0,-10.0,-3.5,1.0,-8.25,-17.0,-17.0,True
0020700617,2008-01-23 00:00:00,CHI,IND,-3.5,-4.5,1.5,203.0,98.5,57.0,43.0,14.0,4.5,-1.5,11.75,-1.0,-1.0,True
0020700626,2008-01-25 00:00:00,WAS,MEM,-8.5,-9.0,1.0,207.0,103.0,59.0,38.0,21.0,9.0,-1.0,16.5,-10.0,-10.0,True
0020700629,2008-01-25 00:00:00,NYK,PHI,-2.0,-2.5,0.5,195.0,96.5,50.0,46.0,4.0,2.5,-0.5,2.75,4.0,4.0,True
0020700630,2008-01-25 00:00:00,DET,ORL,-7.5,-7.0,1.5,193.0,94.5,68.0,49.0,19.0,7.0,-1.5,15.5,-11.0,-11.0,True
0020700636,2008-01-25 00:00:00,POR,HOU,-2.0,-2.0,2.0,184.5,94.0,50.0,42.0,8.0,2.0,-2.0,7.0,-18.0,-18.0,True
0020700637,2008-01-25 00:00:00,SEA,ATL,1.5,3.5,-3.5,199.5,100.0,31.0,52.0,-21.0,-3.5,3.5,-19.25,12.0,12.0,True
0020700648,2008-01-27 00:00:00,MIN,NJN,0.0,1.5,-2.0,192.5,100.5,38.0,48.0,-10.0,-1.5,2.0,-9.25,13.0,13.0,True
0020700653,2008-01-28 00:00:00,NOH,DEN,-8.0,-10.0,1.5,204.5,96.5,63.0,40.0,23.0,10.0,-1.5,18.0,1.0,1.0,True
0020700652,2008-01-28 00:00:00,MEM,DAL,7.0,5.5,-2.0,201.0,100.0,44.0,61.0,-17.0,-5.5,2.0,-14.25,-2.0,-2.0,True
0020700654,2008-01-28 00:00:00,UTA,SAS,-1.5,-3.0,2.0,193.5,96.0,55.0,45.0,10.0,3.0,-2.0,8.5,-4.0,-4.0,True
0020700659,2008-01-29 00:00:00,MIA,BOS,7.0,4.0,-3.0,182.0,91.0,42.0,64.0,-22.0,-4.0,3.0,-20.0,-8.0,-8.0,True
0020700661,2008-01-29 00:00:00,HOU,GSW,-4.5,-2.5,3.0,206.0,101.0,60.0,46.0,14.0,2.5,-3.0,12.75,-10.0,-10.0,True
0020700666,2008-01-30 00:00:00,PHI,MIL,-6.5,-9.0,0.5,185.5,93.0,51.0,32.0,19.0,9.0,-0.5,14.5,24.0,24.0,True
0020700677,2008-01-31 00:00:00,SEA,CLE,4.5,-2.0,3.5,192.0,94.0,62.0,42.0,20.0,2.0,-3.5,19.0,-14.0,-14.0,True
0020700683,2008-02-01 00:00:00,MIA,NJN,4.5,3.0,-2.5,193.0,100.5,31.0,43.0,-12.0,-3.0,2.5,-10.5,3.0,3.0,True
0020700686,2008-02-01 00:00:00,GSW,CHA,-9.0,-8.5,0.5,220.0,105.5,69.0,48.0,21.0,8.5,-0.5,16.75,10.0,10.0,True
0020700688,2008-02-02 00:00:00,ATL,NJN,-5.5,-7.0,1.0,191.0,101.5,55.0,38.0,17.0,7.0,-1.0,13.5,-5.0,-5.0,True
0020700696,2008-02-03 00:00:00,WAS,LAL,5.0,3.0,-4.0,204.0,100.0,41.0,63.0,-22.0,-3.0,4.0,-20.5,10.0,10.0,True
0020700703,2008-02-04 00:00:00,UTA,NOH,-3.5,-2.0,2.5,203.0,98.5,50.0,39.0,11.0,2.0,-2.5,10.0,11.0,11.0,True
0020700706,2008-02-04 00:00:00,SEA,CHI,0.0,2.0,-1.0,194.0,99.5,49.0,56.0,-7.0,-2.0,1.0,-6.0,-3.0,-3.0,True
0020700707,2008-02-05 00:00:00,PHI,WAS,1.0,2.0,-1.0,190.0,100.5,49.0,56.0,-7.0,-2.0,1.0,-6.0,12.0,12.0,True
0020700713,2008-02-06 00:00:00,ATL,LAL,3.0,3.5,-1.0,203.0,102.5,45.0,53.0,-8.0,-3.5,1.0,-6.25,11.0,11.0,True
0020700738,2008-02-09 00:00:00,PHI,LAC,-7.0,-6.5,2.5,193.5,93.0,59.0,40.0,19.0,6.5,-2.5,15.75,2.0,2.0,True
0020700741,2008-02-09 00:00:00,HOU,ATL,-8.0,-9.0,2.0,185.0,94.5,56.0,31.0,25.0,9.0,-2.0,20.5,-6.0,-6.0,True
0020700774,2008-02-13 00:00:00,DAL,POR,-8.0,-3.0,2.0,180.0,91.5,54.0,43.0,11.0,3.0,-2.0,9.5,9.0,9.0,True
0020700781,2008-02-19 00:00:00,CLE,HOU,1.0,1.0,-1.5,184.5,91.0,36.0,42.0,-6.0,-1.0,1.5,-5.5,-2.0,-2.0,True
0020700789,2008-02-19 00:00:00,LAL,ATL,-10.5,-11.0,4.0,208.0,103.5,73.0,37.0,36.0,11.0,-4.0,30.5,-7.0,-7.0,True
0020700791,2008-02-20 00:00:00,PHI,NYK,-6.5,-7.0,4.5,192.5,93.5,72.0,36.0,36.0,7.0,-4.5,32.5,4.0,4.0,True
0020700790,2008-02-20 00:00:00,TOR,ORL,-5.5,-3.5,3.0,205.5,99.5,64.0,50.0,14.0,3.5,-3.0,12.25,3.0,3.0,True
0020700792,2008-02-20 00:00:00,IND,CLE,2.0,1.5,-1.0,203.5,100.0,54.0,60.0,-6.0,-1.5,1.0,-5.25,-3.0,-3.0,True
0020700799,2008-02-20 00:00:00,GSW,BOS,1.0,3.0,-1.0,217.5,107.5,50.0,57.0,-7.0,-3.0,1.0,-5.5,9.0,9.0,True
0020700804,2008-02-22 00:00:00,ORL,PHI,-7.5,-7.0,0.5,203.0,98.0,53.0,40.0,13.0,7.0,-0.5,9.5,3.0,3.0,True
0020700812,2008-02-22 00:00:00,PHX,BOS,-2.0,-1.0,3.0,216.5,103.5,43.0,30.0,13.0,1.0,-3.0,12.5,-5.0,-5.0,True
0020700820,2008-02-23 00:00:00,SAS,NOH,-6.0,-7.0,1.0,183.5,92.0,50.0,35.0,15.0,7.0,-1.0,11.5,-6.0,-6.0,True
0020700819,2008-02-23 00:00:00,MIL,DEN,4.0,3.5,-3.0,214.0,103.5,50.0,64.0,-14.0,-3.5,3.0,-12.25,20.0,20.0,True
0020700831,2008-02-25 00:00:00,IND,TOR,3.0,3.0,-1.5,207.5,102.5,46.0,54.0,-8.0,-3.0,1.5,-6.5,4.0,4.0,True
0020700842,2008-02-26 00:00:00,HOU,WAS,-12.5,-10.5,2.0,189.0,96.5,51.0,23.0,28.0,10.5,-2.0,22.75,-3.0,-3.0,True
0020700853,2008-02-27 00:00:00,SEA,DEN,9.0,9.5,-1.0,215.0,103.5,45.0,64.0,-19.0,-9.5,1.0,-14.25,-23.0,-23.0,True
0020700855,2008-02-28 00:00:00,NJN,MIL,-3.0,-3.0,3.0,196.5,101.5,68.0,55.0,13.0,3.0,-3.0,11.5,1.0,1.0,True
0020700862,2008-02-29 00:00:00,CHI,WAS,-5.0,-6.0,2.5,198.0,102.5,52.0,34.0,18.0,6.0,-2.5,15.0,-24.0,-24.0,True
0020700863,2008-02-29 00:00:00,NOH,UTA,-3.5,-5.0,2.0,208.5,109.0,58.0,45.0,13.0,5.0,-2.0,10.5,-1.0,-1.0,True
0020700867,2008-02-29 00:00:00,GSW,PHI,-6.0,-5.0,1.5,217.0,106.5,67.0,52.0,15.0,5.0,-1.5,12.5,7.0,7.0,True
0020700881,2008-03-02 00:00:00,IND,MIL,-5.0,-6.0,1.0,216.5,106.0,64.0,50.0,14.0,6.0,-1.0,11.0,8.0,8.0,True
0020700878,2008-03-02 00:00:00,NJN,SAS,5.0,4.5,-0.5,183.0,93.0,43.0,53.0,-10.0,-4.5,0.5,-7.75,0.0,0.0,True
0020700883,2008-03-02 00:00:00,HOU,DEN,-4.0,-5.0,1.5,207.5,102.5,50.0,40.0,10.0,5.0,-1.5,7.5,4.0,4.0,True
0020700887,2008-03-03 00:00:00,UTA,DAL,-6.0,-5.5,3.0,200.0,99.0,64.0,50.0,14.0,5.5,-3.0,11.25,-8.0,-8.0,True
0020700888,2008-03-03 00:00:00,LAC,PHI,2.0,3.5,-2.5,189.0,94.0,42.0,54.0,-12.0,-3.5,2.5,-10.25,-14.0,-14.0,True
0020700896,2008-03-04 00:00:00,POR,PHX,3.5,2.5,-4.5,208.0,101.0,41.0,60.0,-19.0,-2.5,4.5,-17.75,14.0,14.0,True
0020700897,2008-03-05 00:00:00,WAS,ORL,2.0,2.5,-2.5,200.5,101.0,44.0,59.0,-15.0,-2.5,2.5,-13.75,-15.0,-15.0,True
0020700899,2008-03-05 00:00:00,BOS,DET,-4.0,-4.0,1.5,183.0,89.5,47.0,37.0,10.0,4.0,-1.5,8.0,2.0,2.0,True
0020700908,2008-03-05 00:00:00,LAC,SAC,2.5,3.0,-2.5,198.0,97.0,43.0,54.0,-11.0,-3.0,2.5,-9.5,11.0,18.0,True
0020700914,2008-03-07 00:00:00,CHA,ATL,-2.0,-1.0,0.5,204.5,105.0,50.0,47.0,3.0,1.0,-0.5,2.5,12.0,12.0,True
0020700924,2008-03-08 00:00:00,CLE,IND,-7.5,-7.0,0.5,208.5,102.5,51.0,37.0,14.0,7.0,-0.5,10.5,-6.0,-6.0,True
0020700930,2008-03-08 00:00:00,HOU,NOH,-7.0,-5.5,2.0,190.0,95.5,59.0,46.0,13.0,5.5,-2.0,10.25,-3.0,-3.0,True
0020700932,2008-03-08 00:00:00,UTA,DEN,-5.5,-5.5,4.0,224.5,108.0,77.0,54.0,23.0,5.5,-4.0,20.25,4.0,4.0,True
0020700935,2008-03-09 00:00:00,MIL,PHI,2.0,3.0,-3.5,202.0,98.5,43.0,65.0,-22.0,-3.0,3.5,-20.5,0.0,0.0,True
0020700936,2008-03-09 00:00:00,PHX,SAS,1.5,1.5,-0.5,202.5,101.5,45.0,48.0,-3.0,-1.5,0.5,-2.25,10.0,10.0,True
0020700940,2008-03-10 00:00:00,ORL,ATL,-10.0,-10.5,0.5,211.0,107.0,74.0,53.0,21.0,10.5,-0.5,15.75,-10.0,-10.0,True
0020700942,2008-03-10 00:00:00,MIA,LAC,-3.5,1.0,-3.0,190.0,94.5,47.0,58.0,-11.0,-1.0,3.0,-10.5,10.0,10.0,True
0020700946,2008-03-11 00:00:00,WAS,MIL,-7.0,-6.5,1.0,201.0,99.5,57.0,44.0,13.0,6.5,-1.0,9.75,-5.0,-5.0,True
0020700950,2008-03-11 00:00:00,PHX,MEM,-14.0,-14.0,1.0,223.5,107.5,72.0,41.0,31.0,14.0,-1.0,24.0,-10.0,-10.0,True
0020700964,2008-03-13 00:00:00,SAC,POR,-3.0,-3.5,2.5,205.5,101.5,58.0,44.0,14.0,3.5,-2.5,12.25,-3.0,-3.0,True
0020700970,2008-03-14 00:00:00,NOH,LAL,1.5,1.5,-1.5,212.5,105.0,46.0,49.0,-3.0,-1.5,1.5,-2.25,13.0,13.0,True
0020700971,2008-03-14 00:00:00,CHI,PHI,-3.5,-3.0,3.0,199.0,99.0,58.0,43.0,15.0,3.0,-3.0,13.5,-19.0,-19.0,True
0020700974,2008-03-14 00:00:00,DEN,TOR,-10.0,-8.5,2.0,217.0,107.0,79.0,57.0,22.0,8.5,-2.0,17.75,10.0,10.0,True
0020700981,2008-03-15 00:00:00,PHX,SAC,-9.0,-7.5,2.5,228.5,111.5,79.0,48.0,31.0,7.5,-2.5,27.25,-3.0,-3.0,True
0020700986,2008-03-16 00:00:00,DET,NOH,-5.5,-6.0,0.5,186.0,93.5,55.0,44.0,11.0,6.0,-0.5,8.0,10.0,10.0,True
0020700985,2008-03-16 00:00:00,NYK,ATL,2.0,1.0,-1.0,201.0,102.0,49.0,53.0,-4.0,-1.0,1.0,-3.5,-7.0,-7.0,True
0020700988,2008-03-16 00:00:00,HOU,LAL,-4.5,-3.5,3.0,196.0,97.0,59.0,44.0,15.0,3.5,-3.0,13.25,-3.0,-3.0,True
0020700994,2008-03-17 00:00:00,MEM,CHA,2.0,3.0,-0.5,206.0,102.5,42.0,47.0,-5.0,-3.0,0.5,-3.5,23.0,23.0,True
0020700997,2008-03-17 00:00:00,SAS,BOS,-3.0,-5.0,1.0,177.0,92.0,53.0,43.0,10.0,5.0,-1.0,7.5,-12.0,-12.0,True
0020700999,2008-03-18 00:00:00,DET,DEN,-6.0,-4.5,4.0,212.0,104.0,73.0,51.0,22.0,4.5,-4.0,19.75,-6.0,-6.0,True
0020701001,2008-03-18 00:00:00,CHI,NJN,-5.0,-6.5,2.5,200.5,104.5,58.0,34.0,24.0,6.5,-2.5,20.75,-8.0,-8.0,True
0020701005,2008-03-18 00:00:00,POR,PHX,3.5,3.0,-1.5,210.5,103.0,49.0,57.0,-8.0,-3.0,1.5,-6.5,-5.0,-5.0,True
0020701007,2008-03-19 00:00:00,PHI,DEN,-2.0,-3.0,0.5,223.0,111.5,65.0,58.0,7.0,3.0,-0.5,5.5,-5.0,-5.0,True
0020701011,2008-03-19 00:00:00,CLE,DET,-1.0,-1.5,1.5,183.0,91.0,45.0,38.0,7.0,1.5,-1.5,6.25,9.0,9.0,True
0020701015,2008-03-19 00:00:00,LAC,GSW,9.0,9.0,-0.5,219.0,108.0,46.0,64.0,-18.0,-9.0,0.5,-13.5,2.0,2.0,True
0020701016,2008-03-20 00:00:00,CHI,SAS,4.5,5.0,-2.5,189.5,94.0,37.0,55.0,-18.0,-5.0,2.5,-15.5,-4.0,-4.0,True
0020701020,2008-03-21 00:00:00,IND,MIN,-7.0,-6.0,2.0,210.5,104.5,66.0,49.0,17.0,6.0,-2.0,14.0,-6.0,-6.0,True
0020701019,2008-03-21 00:00:00,ORL,PHI,-6.0,-6.5,2.5,205.5,101.5,58.0,35.0,23.0,6.5,-2.5,19.75,-5.0,-5.0,True
0020701021,2008-03-21 00:00:00,NJN,DEN,3.5,5.0,-1.0,226.0,112.0,55.0,67.0,-12.0,-5.0,1.0,-9.5,1.0,1.0,True
0020701032,2008-03-22 00:00:00,MEM,SAC,3.0,-1.0,2.5,210.0,105.0,67.0,56.0,11.0,1.0,-2.5,10.5,-5.0,-5.0,True
0020701038,2008-03-22 00:00:00,PHX,HOU,-6.5,-6.5,2.0,205.0,104.5,74.0,57.0,17.0,6.5,-2.0,13.75,-8.0,-8.0,True
0020701041,2008-03-23 00:00:00,TOR,DEN,-2.5,-2.5,1.5,225.0,112.0,54.0,46.0,8.0,2.5,-1.5,6.75,-17.0,-17.0,True
0020701067,2008-03-26 00:00:00,SAC,MEM,-7.5,-5.5,1.5,200.5,100.0,42.0,50.0,-8.0,5.5,-1.5,-10.75,8.0,9.0,True
0020701074,2008-03-28 00:00:00,PHI,PHX,1.0,3.5,-3.5,218.0,105.0,44.0,61.0,-17.0,-3.5,3.5,-15.25,3.0,3.0,True
0020701077,2008-03-28 00:00:00,ATL,CHI,-5.0,-4.5,2.0,206.0,103.5,57.0,46.0,11.0,4.5,-2.0,8.75,-8.0,-8.0,True
0020701081,2008-03-28 00:00:00,SAC,WAS,-1.5,-3.5,2.0,206.5,105.5,58.0,47.0,11.0,3.5,-2.0,9.25,-17.0,-17.0,True
0020701085,2008-03-29 00:00:00,DET,CLE,-7.0,-7.0,1.5,184.0,91.0,49.0,33.0,16.0,7.0,-1.5,12.5,-2.0,-2.0,True
0020701090,2008-03-30 00:00:00,SAS,HOU,-6.5,-7.0,2.0,174.5,88.5,66.0,48.0,18.0,7.0,-2.0,14.5,3.0,3.0,True
0020701094,2008-03-30 00:00:00,TOR,NOH,3.0,2.5,-2.5,198.5,99.5,58.0,69.0,-11.0,-2.5,2.5,-9.75,4.0,4.0,True
0020701101,2008-03-31 00:00:00,MEM,ATL,3.0,3.0,-4.0,208.5,105.5,46.0,73.0,-27.0,-3.0,4.0,-25.5,10.0,10.0,True
0020701102,2008-03-31 00:00:00,UTA,WAS,-8.5,-9.5,3.5,210.0,105.0,73.0,41.0,32.0,9.5,-3.5,27.25,10.0,10.0,True
0020701104,2008-03-31 00:00:00,LAC,DAL,6.0,6.5,-0.5,189.5,93.0,40.0,52.0,-12.0,-6.5,0.5,-8.75,5.0,5.0,True
0020701118,2008-04-02 00:00:00,MEM,NYK,-8.5,-5.5,2.0,211.0,102.5,74.0,60.0,14.0,5.5,-2.0,11.25,2.0,2.0,True
0020701120,2008-04-02 00:00:00,DAL,GSW,-3.5,-5.0,0.5,213.0,106.0,60.0,50.0,10.0,5.0,-0.5,7.5,15.0,15.0,True
0020701132,2008-04-04 00:00:00,MIL,IND,0.0,2.5,-1.5,220.0,108.0,46.0,53.0,-7.0,-2.5,1.5,-5.75,3.0,3.0,True
0020701137,2008-04-05 00:00:00,CLE,ORL,-3.0,-2.0,1.5,197.0,99.0,55.0,47.0,8.0,2.0,-1.5,7.0,-23.0,-23.0,True
0020701139,2008-04-05 00:00:00,CHA,BOS,8.5,2.0,-4.0,187.0,94.5,50.0,64.0,-14.0,-2.0,4.0,-13.0,-9.0,-9.0,True
0020701149,2008-04-06 00:00:00,NOH,GSW,-7.5,-5.0,0.5,220.5,108.0,59.0,51.0,8.0,5.0,-0.5,5.5,4.0,4.0,True
0020701153,2008-04-08 00:00:00,CHA,MIN,-3.5,-4.5,2.0,200.5,101.5,59.0,47.0,12.0,4.5,-2.0,9.75,-10.0,-10.0,True
0020701154,2008-04-08 00:00:00,IND,ATL,-3.5,-4.0,3.0,214.5,106.0,67.0,52.0,15.0,4.0,-3.0,13.0,-1.0,-1.0,True
0020701182,2008-04-11 00:00:00,MIA,MEM,4.0,4.5,-1.5,191.0,96.5,43.0,58.0,-15.0,-4.5,1.5,-12.75,10.0,10.0,True
0020701181,2008-04-11 00:00:00,NYK,ATL,5.5,6.5,-2.0,210.5,104.0,43.0,62.0,-19.0,-6.5,2.0,-15.75,7.0,7.0,True
0020701186,2008-04-11 00:00:00,SAC,POR,-2.5,-3.0,1.5,202.0,99.5,51.0,41.0,10.0,3.0,-1.5,8.5,7.0,7.0,True
0020701187,2008-04-11 00:00:00,LAL,NOH,-3.5,-5.0,3.0,212.5,103.5,65.0,45.0,20.0,5.0,-3.0,17.5,-17.0,-17.0,True
0020701188,2008-04-12 00:00:00,WAS,PHI,-4.0,-2.0,1.0,194.0,98.5,57.0,53.0,4.0,2.0,-1.0,3.0,12.0,12.0,True
0020701201,2008-04-13 00:00:00,DEN,HOU,-6.0,-6.5,2.0,211.5,105.5,61.0,44.0,17.0,6.5,-2.0,13.75,0.0,0.0,True
0020701205,2008-04-14 00:00:00,WAS,IND,-4.0,-2.5,2.5,205.0,101.0,66.0,54.0,12.0,2.5,-2.5,10.75,-5.0,-5.0,True
0020701207,2008-04-14 00:00:00,MIL,CHI,-2.0,1.0,-2.0,205.5,105.0,71.0,81.0,-10.0,-1.0,2.0,-9.5,-6.0,-6.0,True
0020701209,2008-04-14 00:00:00,PHX,GSW,-5.5,-4.0,2.5,230.5,113.5,71.0,57.0,14.0,4.0,-2.5,12.0,-8.0,-8.0,True
0020701217,2008-04-16 00:00:00,CHA,PHI,1.0,-1.0,1.0,200.0,98.5,61.0,51.0,10.0,1.0,-1.0,9.5,-4.0,-4.0,True
0020701223,2008-04-16 00:00:00,SAS,UTA,-4.0,-4.5,4.0,185.5,94.0,65.0,39.0,26.0,4.5,-4.0,23.75,3.0,3.0,True
0040700121,2008-04-20 00:00:00,ORL,TOR,-6.0,-6.0,1.0,196.0,96.5,,,,6.0,-1.0,,,,True
0040700132,2008-04-21 00:00:00,CLE,WAS,-3.0,-1.5,4.0,188.0,96.5,,,,1.5,-4.0,,,,True
0040700152,2008-04-22 00:00:00,NOH,DAL,-3.5,-3.5,3.5,192.0,97.5,,,,3.5,-3.5,,,,True
0040700123,2008-04-24 00:00:00,TOR,ORL,-3.5,-4.0,4.5,205.0,104.0,,,,4.0,-4.5,,,,True
0040700133,2008-04-24 00:00:00,WAS,CLE,-5.0,-5.5,4.0,192.0,96.5,,,,5.5,-4.0,,,,True
0040700124,2008-04-26 00:00:00,TOR,ORL,-3.0,-2.0,1.0,204.0,102.5,,,,2.0,-1.0,,,,True
0040700164,2008-04-27 00:00:00,PHX,SAS,-5.5,-3.5,4.5,201.0,100.0,,,,3.5,-4.5,,,,True
0040700144,2008-04-28 00:00:00,DEN,LAL,3.0,4.0,-1.0,224.5,112.0,,,,-4.0,1.0,,,,True
0040700155,2008-04-29 00:00:00,NOH,DAL,-6.0,-7.0,1.0,195.5,97.0,,,,7.0,-1.0,,,,True
0040700175,2008-04-29 00:00:00,HOU,UTA,-1.0,-1.0,3.0,182.5,92.5,,,,1.0,-3.0,,,,True
0040700116,2008-05-01 00:00:00,PHI,DET,5.5,5.0,-3.0,177.5,88.0,,,,-5.0,3.0,,,,True
0040700222,2008-05-07 00:00:00,LAL,UTA,-8.0,-6.5,1.5,210.5,107.0,,,,6.5,-1.5,,,,True
0040700223,2008-05-09 00:00:00,UTA,LAL,-4.0,-5.0,1.0,214.5,108.0,,,,5.0,-1.0,,,,True
0040700214,2008-05-10 00:00:00,ORL,DET,-4.0,-5.5,0.5,188.0,95.0,,,,5.5,-0.5,,,,True
0040700203,2008-05-10 00:00:00,CLE,BOS,-1.0,-2.0,5.0,180.5,91.0,,,,2.0,-5.0,,,,True
0040700234,2008-05-11 00:00:00,SAS,NOH,-5.5,-5.0,2.0,189.0,95.5,,,,5.0,-2.0,,,,True
0040700206,2008-05-16 00:00:00,CLE,BOS,-3.0,-2.5,3.0,178.5,88.5,,,,2.5,-3.0,,,,True
0040700404,2008-06-12 00:00:00,LAL,BOS,-8.0,-7.5,3.0,191.5,96.5,,,,7.5,-3.0,,,,True
0040700406,2008-06-17 00:00:00,BOS,LAL,-3.5,-4.5,5.0,190.0,95.0,,,,4.5,-5.0,,,,True
0020800003,2008-10-28 00:00:00,LAL,POR,-7.0,-8.0,1.0,195.0,96.0,49.0,34.0,15.0,8.0,-1.0,11.0,5.0,5.0,True
0020800007,2008-10-29 00:00:00,NYK,MIA,-3.0,-2.0,3.5,209.5,105.0,60.0,45.0,15.0,2.0,-3.5,14.0,-10.0,-10.0,True
0020800011,2008-10-29 00:00:00,SAS,PHX,-2.5,1.0,-1.0,185.0,92.5,46.0,49.0,-3.0,-1.0,1.0,-2.5,-2.0,-2.0,True
0020800016,2008-10-30 00:00:00,CLE,CHA,-9.5,-9.0,1.0,183.0,91.0,50.0,33.0,17.0,9.0,-1.0,12.5,0.0,0.0,True
0020800021,2008-10-31 00:00:00,MIA,SAC,-5.5,-6.5,1.0,204.0,99.0,49.0,31.0,18.0,6.5,-1.0,14.75,8.0,8.0,True
0020800027,2008-11-01 00:00:00,CHA,MIA,-2.0,-2.5,2.0,188.0,93.0,52.0,41.0,11.0,2.5,-2.0,9.75,2.0,2.0,True
0020800056,2008-11-05 00:00:00,MIL,WAS,-1.5,1.5,-1.5,188.0,96.0,39.0,45.0,-6.0,-1.5,1.5,-5.25,6.0,14.0,True
0020800061,2008-11-05 00:00:00,SAC,MEM,-4.0,-2.0,1.0,192.0,96.0,48.0,41.0,7.0,2.0,-1.0,6.0,-2.0,-2.0,True
0020800068,2008-11-07 00:00:00,ATL,TOR,-3.5,-2.0,2.5,184.0,92.5,62.0,50.0,12.0,2.0,-2.5,11.0,6.0,6.0,True
0020800075,2008-11-07 00:00:00,SAC,MIN,-3.5,-2.5,1.0,197.0,99.5,62.0,55.0,7.0,2.5,-1.0,5.75,5.0,5.0,True
0020800091,2008-11-09 00:00:00,SAC,GSW,-3.5,-3.0,0.5,214.0,107.0,63.0,57.0,6.0,3.0,-0.5,4.5,11.0,11.0,True
0020800109,2008-11-12 00:00:00,NJN,IND,2.0,1.5,-2.0,198.5,101.0,43.0,50.0,-7.0,-1.5,2.0,-6.25,-4.0,-4.0,True
0020800113,2008-11-12 00:00:00,OKC,ORL,7.0,8.0,-3.0,187.5,92.0,42.0,71.0,-29.0,-8.0,3.0,-25.0,12.0,12.0,True
0020800121,2008-11-14 00:00:00,IND,PHI,-1.0,-1.0,2.5,197.5,97.5,57.0,49.0,8.0,1.0,-2.5,7.5,-10.0,-10.0,True
0020800124,2008-11-14 00:00:00,NYK,OKC,-8.0,-8.0,2.0,208.5,103.0,68.0,44.0,24.0,8.0,-2.0,20.0,-14.0,-14.0,True
0020800126,2008-11-14 00:00:00,MEM,MIL,-4.5,-5.0,1.0,187.5,93.0,49.0,37.0,12.0,5.0,-1.0,9.5,-12.0,-17.0,True
0020800128,2008-11-14 00:00:00,DAL,ORL,-1.0,-1.5,2.0,198.0,96.5,56.0,46.0,10.0,1.5,-2.0,9.25,-12.0,-12.0,True
0020800130,2008-11-14 00:00:00,SAC,PHX,6.5,3.0,-2.0,202.5,101.0,42.0,53.0,-11.0,-3.0,2.0,-9.5,11.0,9.0,True
0020800138,2008-11-15 00:00:00,HOU,NOH,-2.5,-2.0,2.0,181.0,90.5,48.0,36.0,12.0,2.0,-2.0,11.0,-3.0,-3.0,True
0020800144,2008-11-16 00:00:00,PHX,DET,-3.0,-2.0,3.5,197.0,99.0,61.0,46.0,15.0,2.0,-3.5,14.0,3.0,3.0,True
0020800149,2008-11-18 00:00:00,CHA,DAL,5.5,5.5,-2.0,187.0,94.5,35.0,55.0,-20.0,-5.5,2.0,-17.25,3.0,3.0,True
0020800150,2008-11-18 00:00:00,IND,ATL,-2.0,-3.5,2.5,209.0,105.5,61.0,48.0,13.0,3.5,-2.5,11.25,4.0,4.0,True
0020800155,2008-11-18 00:00:00,MEM,SAC,-5.5,-5.5,2.0,196.5,97.5,64.0,47.0,17.0,5.5,-2.0,14.25,-2.0,-2.0,True
0020800168,2008-11-19 00:00:00,POR,CHI,-6.0,-6.0,4.0,196.0,97.0,62.0,37.0,25.0,6.0,-4.0,22.0,17.0,17.0,True
0020800179,2008-11-21 00:00:00,SAS,UTA,-3.0,-4.5,0.5,174.0,90.5,61.0,53.0,8.0,4.5,-0.5,5.75,17.0,17.0,True
0020800180,2008-11-21 00:00:00,OKC,NOH,9.5,10.0,-1.5,191.0,95.0,39.0,60.0,-21.0,-10.0,1.5,-16.0,-4.0,-4.0,True
0020800183,2008-11-21 00:00:00,LAL,DEN,-8.0,-8.5,2.0,205.5,101.5,67.0,47.0,20.0,8.5,-2.0,15.75,-6.0,-6.0,True
0020800193,2008-11-23 00:00:00,TOR,BOS,4.5,4.0,-0.5,186.0,93.5,49.0,59.0,-10.0,-4.0,0.5,-8.0,-5.0,-5.0,True
0020800194,2008-11-23 00:00:00,PHI,GSW,-6.0,-6.5,2.0,208.5,101.5,57.0,39.0,18.0,6.5,-2.0,14.75,-10.0,-10.0,True
0020800200,2008-11-24 00:00:00,MIA,HOU,2.5,3.0,-1.0,186.0,93.0,48.0,56.0,-8.0,-3.0,1.0,-6.5,-1.0,-1.0,True
0020800206,2008-11-25 00:00:00,NYK,CLE,6.5,9.0,-2.5,211.5,104.0,38.0,67.0,-29.0,-9.0,2.5,-24.5,11.0,11.0,True
0020800216,2008-11-26 00:00:00,MIN,PHX,4.0,3.5,-2.5,196.0,96.5,43.0,59.0,-16.0,-3.5,2.5,-14.25,8.0,8.0,True
0020800220,2008-11-26 00:00:00,POR,MIA,-7.5,-8.0,1.0,192.0,97.0,59.0,40.0,19.0,8.0,-1.0,15.0,19.0,19.0,True
0020800223,2008-11-27 00:00:00,WAS,ORL,3.5,3.0,-2.5,197.5,99.0,44.0,55.0,-11.0,-3.0,2.5,-9.5,-4.0,-4.0,True
0020800226,2008-11-28 00:00:00,BOS,PHI,-9.0,-8.5,1.0,186.5,91.5,46.0,28.0,18.0,8.5,-1.0,13.75,6.0,6.0,True
0020800242,2008-11-29 00:00:00,HOU,SAS,-4.0,-3.0,0.5,178.0,91.0,56.0,49.0,7.0,3.0,-0.5,5.5,12.0,12.0,True
0020800245,2008-11-29 00:00:00,SAC,DAL,4.5,4.0,-0.5,207.5,102.5,38.0,46.0,-8.0,-4.0,0.5,-6.0,-15.0,-15.0,True
0020800261,2008-12-02 00:00:00,DEN,TOR,-6.5,-5.0,2.5,207.0,102.5,64.0,45.0,19.0,5.0,-2.5,16.5,20.0,20.0,True
0020800270,2008-12-03 00:00:00,MIL,CHI,-4.0,-5.0,1.5,200.5,101.5,54.0,42.0,12.0,5.0,-1.5,9.5,-5.0,-5.0,True
0020800274,2008-12-04 00:00:00,DAL,PHX,-4.5,-3.5,3.5,206.5,103.0,64.0,46.0,18.0,3.5,-3.5,16.25,-3.0,-3.0,True
0020800286,2008-12-05 00:00:00,UTA,TOR,-6.0,-4.5,1.5,206.0,105.0,64.0,48.0,16.0,4.5,-1.5,13.75,11.0,11.0,True
0020800287,2008-12-06 00:00:00,CHA,CLE,8.0,8.0,-2.0,184.0,93.5,35.0,55.0,-20.0,-8.0,2.0,-16.0,0.0,0.0,True
0020800296,2008-12-06 00:00:00,SAC,DEN,5.0,4.5,-3.0,212.5,103.5,39.0,60.0,-21.0,-4.5,3.0,-18.75,-12.0,-12.0,True
0020800314,2008-12-10 00:00:00,TOR,IND,-4.0,-3.0,0.5,210.5,105.5,51.0,45.0,6.0,3.0,-0.5,4.5,7.0,7.0,True
0020800317,2008-12-10 00:00:00,OKC,MEM,2.0,-2.0,3.0,201.0,103.5,55.0,48.0,7.0,2.0,-3.0,6.0,-13.0,-13.0,True
0020800321,2008-12-10 00:00:00,GSW,MIL,-2.5,-1.5,0.5,219.5,108.5,55.0,50.0,5.0,1.5,-0.5,4.25,18.0,18.0,True
0020800323,2008-12-11 00:00:00,WAS,BOS,9.0,10.0,-0.5,196.0,97.0,39.0,63.0,-24.0,-10.0,0.5,-19.0,-10.0,-10.0,True
0020800325,2008-12-11 00:00:00,UTA,POR,-3.0,-3.0,2.5,194.0,99.5,57.0,46.0,11.0,3.0,-2.5,9.5,-2.0,-2.0,True
0020800335,2008-12-12 00:00:00,GSW,HOU,3.0,2.0,-2.0,212.0,106.0,50.0,61.0,-11.0,-2.0,2.0,-10.0,0.0,0.0,True
0020800338,2008-12-13 00:00:00,CHA,DET,1.5,1.5,-3.5,184.0,94.0,33.0,51.0,-18.0,-1.5,3.5,-17.25,14.0,14.0,True
0020800339,2008-12-13 00:00:00,PHI,WAS,-5.5,-5.5,1.0,195.5,99.0,51.0,40.0,11.0,5.5,-1.0,8.25,4.0,4.0,True
0020800342,2008-12-13 00:00:00,MIL,IND,-4.5,-4.0,3.5,205.0,103.0,64.0,46.0,18.0,4.0,-3.5,16.0,0.0,0.0,True
0020800347,2008-12-14 00:00:00,TOR,NOH,2.0,2.5,-0.5,195.0,98.0,46.0,51.0,-5.0,-2.5,0.5,-3.75,-3.0,-3.0,True
0020800373,2008-12-17 00:00:00,CHI,LAC,-5.5,-2.0,2.0,194.5,96.0,56.0,47.0,9.0,2.0,-2.0,8.0,-9.0,-3.0,True
0020800375,2008-12-18 00:00:00,ORL,SAS,-3.5,-2.5,3.5,192.0,98.5,44.0,29.0,15.0,2.5,-3.5,13.75,-3.0,-3.0,True
0020800390,2008-12-20 00:00:00,ORL,LAL,1.5,1.5,-2.0,206.0,103.5,49.0,58.0,-9.0,-1.5,2.0,-8.25,12.0,12.0,True
0020800396,2008-12-20 00:00:00,MIL,LAC,-4.5,-5.5,4.0,193.0,94.5,62.0,32.0,30.0,5.5,-4.0,27.25,4.0,4.0,True
0020800399,2008-12-21 00:00:00,ATL,DET,-3.5,-4.5,1.5,187.0,94.5,52.0,41.0,11.0,4.5,-1.5,8.75,-4.0,-4.0,True
0020800404,2008-12-22 00:00:00,NJN,HOU,3.5,6.5,-2.5,198.0,97.0,40.0,61.0,-21.0,-6.5,2.5,-17.75,-2.0,-2.0,True
0020800407,2008-12-22 00:00:00,DEN,POR,-3.5,-3.0,1.0,199.0,100.0,53.0,47.0,6.0,3.0,-1.0,4.5,2.0,2.0,True
0020800408,2008-12-22 00:00:00,LAC,TOR,-2.5,1.0,-3.5,189.5,95.0,32.0,51.0,-19.0,-1.0,3.5,-18.5,-3.0,-3.0,True
0020800416,2008-12-23 00:00:00,MIL,UTA,1.0,-2.5,2.5,196.5,102.5,50.0,38.0,12.0,2.5,-2.5,10.75,-4.0,-4.0,True
0020800421,2008-12-25 00:00:00,ORL,NOH,-5.5,-5.0,5.0,190.0,96.0,61.0,31.0,30.0,5.0,-5.0,27.5,-10.0,-10.0,True
0020800422,2008-12-25 00:00:00,PHX,SAS,-2.5,-2.5,0.5,201.0,102.5,45.0,39.0,6.0,2.5,-0.5,4.75,-7.0,-7.0,True
0020800423,2008-12-25 00:00:00,LAL,BOS,-2.5,-2.0,1.0,202.0,101.5,51.0,45.0,6.0,2.0,-1.0,5.0,3.0,3.0,True
0020800433,2008-12-26 00:00:00,UTA,DAL,-4.5,-2.0,1.5,194.5,96.0,53.0,44.0,9.0,2.0,-1.5,8.0,0.0,0.0,True
0020800444,2008-12-28 00:00:00,NYK,DEN,4.0,4.5,-0.5,220.5,108.5,56.0,66.0,-10.0,-4.5,0.5,-7.75,3.0,3.0,True
0020800445,2008-12-28 00:00:00,LAC,DAL,-1.0,1.0,-3.0,184.5,90.5,34.0,45.0,-11.0,-1.0,3.0,-10.5,-11.0,-11.0,True
0020800448,2008-12-28 00:00:00,SAC,BOS,12.0,12.5,-0.5,196.5,97.0,34.0,59.0,-25.0,-12.5,0.5,-18.75,-20.0,-20.0,True
0020800466,2008-12-30 00:00:00,SAC,LAC,-1.5,-3.0,1.0,194.0,96.5,49.0,41.0,8.0,3.0,-1.0,6.5,-6.0,-6.0,True
0020800467,2008-12-31 00:00:00,CHI,ORL,6.5,5.5,-3.5,201.5,98.0,38.0,65.0,-27.0,-5.5,3.5,-24.25,8.0,8.0,True
0020800477,2009-01-02 00:00:00,NJN,ATL,3.5,4.5,-2.5,197.5,100.0,29.0,49.0,-20.0,-4.5,2.5,-17.75,20.0,22.0,True
0020800489,2009-01-03 00:00:00,CHA,MIL,-1.0,-1.0,2.5,181.0,91.5,51.0,42.0,9.0,1.0,-2.5,8.5,1.0,1.0,True
0020800494,2009-01-03 00:00:00,DEN,NOH,-2.5,-4.0,3.0,199.0,99.5,58.0,40.0,18.0,4.0,-3.0,16.0,-13.0,-13.0,True
0020800518,2009-01-07 00:00:00,NJN,MEM,-5.0,-4.0,2.0,187.0,97.5,55.0,42.0,13.0,4.0,-2.0,11.0,-2.0,-2.0,True
0020800520,2009-01-07 00:00:00,MIN,OKC,-6.5,-5.5,4.0,202.5,103.5,72.0,43.0,29.0,5.5,-4.0,26.25,13.0,13.0,True
0020800521,2009-01-07 00:00:00,DEN,MIA,-5.5,-5.5,1.0,198.0,97.0,59.0,48.0,11.0,5.5,-1.0,8.25,0.0,0.0,True
0020800523,2009-01-07 00:00:00,UTA,NOH,-4.5,-4.0,1.5,192.5,97.0,58.0,46.0,12.0,4.0,-1.5,10.0,14.0,14.0,True
0020800528,2009-01-09 00:00:00,ORL,ATL,-5.5,-5.0,4.0,192.0,98.5,71.0,33.0,38.0,5.0,-4.0,35.5,-4.0,-4.0,True
0020800531,2009-01-09 00:00:00,CLE,BOS,-4.0,-4.0,1.0,182.5,91.0,49.0,40.0,9.0,4.0,-1.0,7.0,6.0,6.0,True
0020800534,2009-01-09 00:00:00,CHI,WAS,-6.0,-4.5,2.5,196.5,99.5,52.0,34.0,18.0,4.5,-2.5,15.75,-6.0,-6.0,True
0020800536,2009-01-09 00:00:00,DEN,DET,-4.0,-5.0,0.5,193.0,95.0,48.0,38.0,10.0,5.0,-0.5,7.5,-13.0,-13.0,True
0020800546,2009-01-11 00:00:00,TOR,BOS,4.5,5.5,-1.5,188.5,94.0,41.0,54.0,-13.0,-5.5,1.5,-10.25,7.0,7.0,True
0020800550,2009-01-11 00:00:00,GSW,IND,2.0,2.0,-1.0,234.0,115.5,55.0,61.0,-6.0,-2.0,1.0,-5.0,9.0,9.0,True
0020800551,2009-01-11 00:00:00,SAC,DAL,4.0,2.5,-0.5,201.5,99.5,49.0,55.0,-6.0,-2.5,0.5,-4.75,13.0,13.0,True
0020800563,2009-01-13 00:00:00,DEN,DAL,-5.5,-6.0,1.0,206.0,102.5,60.0,47.0,13.0,6.0,-1.0,10.0,-11.0,-11.0,True
0020800565,2009-01-13 00:00:00,SAC,ORL,8.5,7.5,-2.5,205.5,102.5,56.0,75.0,-19.0,-7.5,2.5,-15.25,-13.0,-13.0,True
0020800576,2009-01-14 00:00:00,LAC,ATL,4.5,4.0,-1.5,190.5,96.5,31.0,43.0,-12.0,-4.0,1.5,-10.0,-5.0,-5.0,True
0020800582,2009-01-16 00:00:00,WAS,NYK,-2.5,-3.5,2.0,209.0,103.0,49.0,37.0,12.0,3.5,-2.0,10.25,-5.0,-5.0,True
0020800580,2009-01-16 00:00:00,IND,TOR,-4.5,-4.5,2.0,213.5,105.0,56.0,42.0,14.0,4.5,-2.0,11.75,-7.0,-7.0,True
0020800584,2009-01-16 00:00:00,MEM,UTA,5.0,4.5,-1.5,194.5,100.5,43.0,54.0,-11.0,-4.5,1.5,-8.75,1.0,1.0,True
0020800583,2009-01-16 00:00:00,CLE,NOH,-4.5,-2.5,3.5,184.5,91.5,51.0,36.0,15.0,2.5,-3.5,13.75,-1.0,-1.0,True
0020800590,2009-01-17 00:00:00,NJN,BOS,7.0,6.5,-2.5,192.0,97.5,39.0,68.0,-29.0,-6.5,2.5,-25.75,9.0,9.0,True
0020800595,2009-01-17 00:00:00,HOU,MIA,-4.0,-3.5,1.0,186.5,92.0,45.0,36.0,9.0,3.5,-1.0,7.25,-2.0,-2.0,True
0020800601,2009-01-19 00:00:00,NYK,CHI,-2.5,-2.0,1.0,208.0,102.5,57.0,54.0,3.0,2.0,-1.0,2.0,1.0,1.0,True
0020800608,2009-01-19 00:00:00,GSW,WAS,-5.0,-4.5,1.5,218.5,111.0,60.0,48.0,12.0,4.5,-1.5,9.75,9.0,9.0,True
0020800610,2009-01-19 00:00:00,BOS,PHX,-8.0,-8.0,4.0,207.0,100.5,64.0,34.0,30.0,8.0,-4.0,26.0,-13.0,-13.0,True
0020800619,2009-01-21 00:00:00,MIA,BOS,5.5,5.5,-2.0,186.5,92.5,34.0,57.0,-23.0,-5.5,2.0,-20.25,8.0,8.0,True
0020800623,2009-01-21 00:00:00,HOU,UTA,-3.0,-5.5,1.0,198.5,102.5,55.0,42.0,13.0,5.5,-1.0,10.25,-4.0,-4.0,True
0020800624,2009-01-21 00:00:00,POR,CLE,1.0,1.0,-3.0,182.5,91.5,45.0,53.0,-8.0,-1.0,3.0,-7.5,2.0,2.0,True
0020800633,2009-01-23 00:00:00,ATL,MIL,-4.5,-5.5,0.5,203.5,103.5,58.0,47.0,11.0,5.5,-0.5,8.25,19.0,19.0,True
0020800642,2009-01-24 00:00:00,MEM,NJN,1.0,1.0,-1.5,191.5,97.5,40.0,47.0,-7.0,-1.0,1.5,-6.5,-4.0,-4.0,True
0020800646,2009-01-25 00:00:00,BOS,DAL,-9.0,-9.0,2.0,192.0,95.5,74.0,47.0,27.0,9.0,-2.0,22.5,-3.0,-3.0,True
0020800656,2009-01-26 00:00:00,MIA,ATL,-3.5,-3.0,3.5,192.5,98.5,46.0,27.0,19.0,3.0,-3.5,17.5,-3.0,-3.0,True
0020800660,2009-01-26 00:00:00,OKC,NJN,-2.5,-1.5,2.5,203.5,102.5,51.0,40.0,11.0,1.5,-2.5,10.25,-2.0,-2.0,True
0020800663,2009-01-27 00:00:00,ORL,IND,-9.5,-9.0,0.5,215.5,105.5,68.0,50.0,18.0,9.0,-0.5,13.5,6.0,6.0,True
0020800667,2009-01-28 00:00:00,IND,MIL,-5.0,-6.5,1.5,214.0,105.5,63.0,51.0,12.0,6.5,-1.5,8.75,-4.0,-4.0,True
0020800676,2009-01-28 00:00:00,DAL,GSW,-7.5,-6.5,2.5,225.0,111.5,69.0,47.0,22.0,6.5,-2.5,18.75,2.0,2.0,True
0020800682,2009-01-30 00:00:00,IND,MIA,-1.5,-4.5,2.0,207.5,101.5,66.0,49.0,17.0,4.5,-2.0,14.75,-6.0,-6.0,True
0020800691,2009-01-30 00:00:00,SAC,CHI,2.0,1.0,-3.0,212.0,106.0,43.0,54.0,-11.0,-1.0,3.0,-10.5,-10.0,-10.0,True
0020800694,2009-01-31 00:00:00,MIA,DAL,-1.0,2.0,-1.5,196.5,98.5,49.0,57.0,-8.0,-2.0,1.5,-7.0,-7.0,-7.0,True
0020800696,2009-01-31 00:00:00,WAS,LAC,-5.5,-4.0,1.0,188.5,93.0,58.0,47.0,11.0,4.0,-1.0,9.0,1.0,1.0,True
0020800698,2009-01-31 00:00:00,MIL,ATL,-1.0,-1.5,1.0,192.5,99.0,53.0,48.0,5.0,1.5,-1.0,4.25,-2.0,-2.0,True
0020800705,2009-02-01 00:00:00,SAC,OKC,1.5,-2.0,0.5,217.0,109.5,63.0,57.0,6.0,2.0,-0.5,5.0,-6.0,-2.0,True
0020800710,2009-02-02 00:00:00,NOH,POR,-4.0,-3.0,1.5,184.5,92.5,48.0,39.0,9.0,3.0,-1.5,7.5,-17.0,-17.0,True
0020800711,2009-02-02 00:00:00,PHX,SAC,-13.0,-15.5,1.0,223.0,108.0,73.0,43.0,30.0,15.5,-1.0,22.25,18.0,18.0,True
0020800722,2009-02-04 00:00:00,WAS,NJN,-1.0,1.0,-1.0,189.0,94.5,53.0,58.0,-5.0,-1.0,1.0,-4.5,-22.0,-22.0,True
0020800729,2009-02-04 00:00:00,DAL,POR,-4.0,-3.5,2.0,197.0,99.5,57.0,45.0,12.0,3.5,-2.0,10.25,-7.0,-7.0,True
0020800733,2009-02-05 00:00:00,UTA,DAL,-3.0,-3.5,1.0,209.0,104.0,57.0,47.0,10.0,3.5,-1.0,8.25,18.0,18.0,True
0020800740,2009-02-06 00:00:00,WAS,DEN,6.0,8.0,-1.5,206.5,99.5,48.0,68.0,-20.0,-8.0,1.5,-16.0,-1.0,-1.0,True
0020800751,2009-02-08 00:00:00,CLE,LAL,-4.5,-4.5,1.0,205.5,102.0,61.0,51.0,10.0,4.5,-1.0,7.75,-20.0,-20.0,True
0020800761,2009-02-09 00:00:00,PHI,PHX,-3.0,-3.5,2.5,210.0,101.0,55.0,44.0,11.0,3.5,-2.5,9.25,6.0,6.0,True
0020800766,2009-02-10 00:00:00,MIA,DEN,-1.0,1.5,-3.5,205.0,101.0,40.0,56.0,-16.0,-1.5,3.5,-15.25,-1.0,-1.0,True
0020800782,2009-02-11 00:00:00,UTA,LAL,2.5,1.0,-0.5,216.0,107.5,61.0,63.0,-2.0,-1.0,0.5,-1.5,6.0,6.0,True
0020800787,2009-02-12 00:00:00,GSW,POR,-2.0,-3.0,2.0,216.5,108.0,57.0,46.0,11.0,3.0,-2.0,9.5,-4.0,-4.0,True
0020800788,2009-02-17 00:00:00,IND,PHI,-3.0,-2.0,1.5,212.0,104.5,55.0,44.0,11.0,2.0,-1.5,10.0,-2.0,-2.0,True
0020800790,2009-02-17 00:00:00,WAS,MIN,-3.0,-2.0,1.0,204.5,105.0,51.0,42.0,9.0,2.0,-1.0,8.0,-1.0,-1.0,True
0020800794,2009-02-17 00:00:00,HOU,NJN,-6.0,-6.5,1.5,191.5,96.0,56.0,40.0,16.0,6.5,-1.5,12.75,10.0,10.0,True
0020800795,2009-02-17 00:00:00,PHX,LAC,-7.5,-9.0,0.5,225.0,111.5,81.0,49.0,32.0,9.0,-0.5,27.5,8.0,8.0,True
0020800802,2009-02-18 00:00:00,NOH,ORL,-1.5,-1.5,3.5,189.0,94.5,56.0,43.0,13.0,1.5,-3.5,12.25,19.0,19.0,True
0020800810,2009-02-19 00:00:00,UTA,BOS,1.0,2.5,-0.5,200.5,99.0,38.0,39.0,-1.0,-2.5,0.5,0.25,6.0,6.0,True
0020800811,2009-02-20 00:00:00,CHA,ORL,2.5,1.5,-3.0,187.5,94.0,35.0,49.0,-14.0,-1.5,3.0,-13.25,2.0,2.0,True
0020800812,2009-02-20 00:00:00,NYK,TOR,-3.5,-3.0,4.0,213.0,107.0,75.0,50.0,25.0,3.0,-4.0,23.5,5.0,5.0,True
0020800819,2009-02-20 00:00:00,PHX,OKC,-9.0,-8.0,0.5,231.0,114.0,79.0,57.0,22.0,8.0,-0.5,18.0,0.0,0.0,True
0020800835,2009-02-22 00:00:00,CLE,DET,-9.0,-9.0,3.0,181.0,88.5,67.0,34.0,33.0,9.0,-3.0,28.5,-12.0,-12.0,True
0020800838,2009-02-23 00:00:00,DEN,BOS,2.0,1.0,-4.5,197.5,97.5,37.0,60.0,-23.0,-1.0,4.5,-22.5,-15.0,-15.0,True
0020800847,2009-02-24 00:00:00,HOU,POR,-4.5,-4.5,2.5,189.5,95.5,60.0,43.0,17.0,4.5,-2.5,14.75,-13.0,-13.0,True
0020800848,2009-02-24 00:00:00,SAS,DAL,-4.5,-1.0,2.0,188.0,93.0,50.0,44.0,6.0,1.0,-2.0,5.5,11.0,11.0,True
0020800853,2009-02-25 00:00:00,NYK,ORL,2.5,3.0,-2.0,218.5,107.0,43.0,57.0,-14.0,-3.0,2.0,-12.5,9.0,9.0,True
0020800856,2009-02-25 00:00:00,DAL,MIL,-7.0,-7.5,1.5,208.5,104.0,65.0,41.0,24.0,7.5,-1.5,20.25,-4.0,-4.0,True
0020800859,2009-02-25 00:00:00,SAC,CHA,3.5,3.0,-3.0,199.5,97.5,41.0,55.0,-14.0,-3.0,3.0,-12.5,7.0,7.0,True
0020800869,2009-02-27 00:00:00,MIN,POR,6.0,4.5,-0.5,204.0,103.0,40.0,48.0,-8.0,-4.5,0.5,-5.75,-12.0,-12.0,True
0020800874,2009-02-27 00:00:00,SAC,LAC,-2.5,-3.0,3.0,215.5,105.5,52.0,39.0,13.0,3.0,-3.0,11.5,-1.0,-1.0,True
0020800880,2009-02-28 00:00:00,MIL,WAS,-7.0,-6.5,1.5,208.0,105.0,55.0,40.0,15.0,6.5,-1.5,11.75,1.0,1.0,True
0020800885,2009-03-01 00:00:00,ATL,CLE,4.0,4.0,-1.0,190.0,95.5,43.0,53.0,-10.0,-4.0,1.0,-8.0,9.0,9.0,True
0020800889,2009-03-01 00:00:00,POR,SAS,-2.5,-4.5,3.0,181.5,92.0,64.0,37.0,27.0,4.5,-3.0,24.75,-9.0,-9.0,True
0020800897,2009-03-03 00:00:00,CHA,CHI,-2.5,-1.5,3.0,192.5,96.5,56.0,43.0,13.0,1.5,-3.0,12.25,3.0,3.0,True
0020800903,2009-03-03 00:00:00,SAC,IND,2.0,2.5,-3.0,215.5,106.0,51.0,65.0,-14.0,-2.5,3.0,-12.75,6.0,6.0,True
0020800906,2009-03-04 00:00:00,MIA,PHX,-2.5,-2.5,0.5,226.0,112.5,67.0,61.0,6.0,2.5,-0.5,4.75,0.0,0.0,True
0020800917,2009-03-06 00:00:00,CHA,ATL,-1.5,-3.0,1.5,183.0,95.0,59.0,50.0,9.0,3.0,-1.5,7.5,-2.0,-2.0,True
0020800919,2009-03-06 00:00:00,TOR,MIA,1.0,1.0,-1.5,202.5,101.5,50.0,56.0,-6.0,-1.0,1.5,-5.5,0.0,0.0,True
0020800923,2009-03-06 00:00:00,HOU,PHX,-6.5,-5.5,0.5,226.0,109.0,56.0,46.0,10.0,5.5,-0.5,7.25,-6.0,-6.0,True
0020800938,2009-03-08 00:00:00,SAS,PHX,-6.0,-5.0,2.0,217.5,107.0,58.0,45.0,13.0,5.0,-2.0,10.5,-8.0,-8.0,True
0020800950,2009-03-10 00:00:00,MIL,NYK,-3.5,-3.5,1.0,223.5,111.0,65.0,56.0,9.0,3.5,-1.0,7.25,-17.0,-17.0,True
0020800955,2009-03-11 00:00:00,ATL,UTA,-1.0,-2.0,3.0,196.5,102.0,55.0,42.0,13.0,2.0,-3.0,12.0,-6.0,-6.0,True
0020800957,2009-03-11 00:00:00,PHI,TOR,-6.5,-6.0,2.0,202.5,99.0,56.0,39.0,17.0,6.0,-2.0,14.0,-8.0,-8.0,True
0020800962,2009-03-11 00:00:00,HOU,LAL,-2.5,-3.5,2.5,201.0,99.0,51.0,40.0,11.0,3.5,-2.5,9.25,-17.0,-17.0,True
0020800992,2009-03-15 00:00:00,ORL,UTA,-7.0,-5.5,2.0,203.5,104.0,57.0,43.0,14.0,5.5,-2.0,11.25,4.0,4.0,True
0020800993,2009-03-15 00:00:00,WAS,SAC,-2.0,-2.5,2.0,212.0,106.5,66.0,55.0,11.0,2.5,-2.0,9.75,-9.0,-9.0,True
0020800996,2009-03-16 00:00:00,CHA,TOR,-6.0,-7.5,0.5,194.0,97.0,57.0,43.0,14.0,7.5,-0.5,10.25,12.0,12.0,True
0020801011,2009-03-18 00:00:00,IND,POR,2.0,2.0,-2.5,203.0,100.5,39.0,50.0,-11.0,-2.0,2.5,-10.0,1.0,1.0,True
0020801016,2009-03-18 00:00:00,OKC,CHI,-2.0,-1.5,1.0,202.5,101.0,56.0,51.0,5.0,1.5,-1.0,4.25,-12.0,-12.0,True
0020801014,2009-03-18 00:00:00,MIL,ORL,5.5,5.5,-4.0,202.0,102.0,35.0,65.0,-30.0,-5.5,4.0,-27.25,4.0,4.0,True
0020801020,2009-03-19 00:00:00,ATL,DAL,-5.5,-5.5,2.0,196.5,96.0,56.0,45.0,11.0,5.5,-2.0,8.25,-3.0,-3.0,True
0020801029,2009-03-20 00:00:00,OKC,UTA,5.0,4.0,-1.0,199.0,100.5,40.0,49.0,-9.0,-4.0,1.0,-7.0,2.0,2.0,True
0020801034,2009-03-21 00:00:00,CLE,ATL,-8.5,-7.5,2.0,186.0,95.5,53.0,35.0,18.0,7.5,-2.0,14.25,-12.0,-12.0,True
0020801041,2009-03-22 00:00:00,DET,MIA,-1.5,-2.0,0.5,183.0,92.0,47.0,43.0,4.0,2.0,-0.5,3.0,-9.0,-9.0,True
0020801043,2009-03-22 00:00:00,MIN,OKC,1.0,2.0,-3.0,199.5,100.0,39.0,57.0,-18.0,-2.0,3.0,-17.0,11.0,11.0,True
0020801044,2009-03-22 00:00:00,TOR,LAC,-4.0,-4.5,2.0,210.0,104.0,54.0,40.0,14.0,4.5,-2.0,11.75,10.0,10.0,True
0020801047,2009-03-22 00:00:00,SAC,PHI,4.5,5.0,-4.0,207.5,101.5,43.0,69.0,-26.0,-5.0,4.0,-23.5,14.0,14.0,True
0020801056,2009-03-24 00:00:00,OKC,LAL,8.0,7.5,-2.5,207.5,102.5,38.0,62.0,-24.0,-7.5,2.5,-20.25,6.0,6.0,True
0020801063,2009-03-25 00:00:00,TOR,MIL,-3.0,-4.0,2.5,201.0,99.0,65.0,44.0,21.0,4.0,-2.5,19.0,-12.0,-12.0,True
0020801067,2009-03-25 00:00:00,ORL,BOS,-3.5,-3.5,0.5,189.0,95.0,47.0,39.0,8.0,3.5,-0.5,6.25,-6.0,-6.0,True
0020801075,2009-03-27 00:00:00,TOR,OKC,-5.5,-5.0,0.5,201.5,99.0,51.0,40.0,11.0,5.0,-0.5,8.5,5.0,5.0,True
0020801085,2009-03-28 00:00:00,WAS,DET,5.5,4.0,-0.5,191.0,97.0,53.0,60.0,-7.0,-4.0,0.5,-5.0,5.0,5.0,True
0020801094,2009-03-29 00:00:00,TOR,CHI,-2.0,-1.5,3.0,209.0,104.0,55.0,44.0,11.0,1.5,-3.0,10.25,-11.0,-6.0,True
0020801107,2009-03-31 00:00:00,PHI,ATL,-3.0,-2.0,3.0,193.5,98.0,51.0,37.0,14.0,2.0,-3.0,13.0,-1.0,-1.0,True
0020801111,2009-03-31 00:00:00,POR,UTA,-6.0,-6.0,0.5,192.0,98.0,61.0,48.0,13.0,6.0,-0.5,10.0,8.0,8.0,True
0020801115,2009-04-01 00:00:00,NJN,DET,-1.0,-1.0,2.5,187.0,93.5,59.0,48.0,11.0,1.0,-2.5,10.5,2.0,2.0,True
0020801116,2009-04-01 00:00:00,MEM,WAS,-2.5,-3.0,0.5,201.0,103.5,57.0,50.0,7.0,3.0,-0.5,5.5,-2.0,-2.0,True
0020801119,2009-04-01 00:00:00,PHX,HOU,-1.5,-2.0,2.5,222.5,110.0,67.0,56.0,11.0,2.0,-2.5,10.0,-6.0,-6.0,True
0020801124,2009-04-02 00:00:00,DEN,UTA,-4.5,-5.5,1.0,209.0,109.0,54.0,43.0,11.0,5.5,-1.0,8.25,-1.0,-1.0,True
0020801126,2009-04-03 00:00:00,IND,SAS,3.5,4.5,-0.5,200.5,100.0,55.0,63.0,-8.0,-4.5,0.5,-5.75,3.0,3.0,True
0020801129,2009-04-03 00:00:00,OKC,POR,4.5,4.5,-1.5,191.0,96.0,35.0,47.0,-12.0,-4.5,1.5,-9.75,-23.0,-23.0,True
0020801130,2009-04-03 00:00:00,ORL,CLE,-3.0,-3.5,4.0,187.0,93.0,55.0,38.0,17.0,3.5,-4.0,15.25,12.0,12.0,True
0020801139,2009-04-04 00:00:00,WAS,MIA,2.0,1.5,-2.5,201.5,100.5,52.0,62.0,-10.0,-1.5,2.5,-9.25,-4.0,-4.0,True
0020801142,2009-04-05 00:00:00,CLE,SAS,-6.5,-5.0,2.0,182.5,91.5,55.0,42.0,13.0,5.0,-2.0,10.5,7.0,7.0,True
0020801143,2009-04-05 00:00:00,DAL,PHX,-4.0,-4.0,3.5,231.0,112.5,81.0,59.0,22.0,4.0,-3.5,20.0,2.0,2.0,True
0020801144,2009-04-05 00:00:00,DET,CHA,-2.0,-2.5,0.5,176.0,86.0,51.0,44.0,7.0,2.5,-0.5,5.75,0.0,0.0,True
0020801146,2009-04-05 00:00:00,HOU,POR,-4.5,-4.0,1.0,184.5,94.0,54.0,43.0,11.0,4.0,-1.0,9.0,3.0,3.0,True
0020801147,2009-04-05 00:00:00,MIN,DEN,8.0,7.0,-1.5,208.5,103.0,40.0,60.0,-20.0,-7.0,1.5,-16.5,-3.0,-3.0,True
0020801153,2009-04-07 00:00:00,CHA,PHI,-4.5,-5.0,2.5,185.0,91.5,63.0,49.0,14.0,5.0,-2.5,11.5,-11.0,-11.0,True
0020801159,2009-04-07 00:00:00,HOU,ORL,0.0,-1.0,2.5,187.0,94.0,47.0,38.0,9.0,1.0,-2.5,8.5,1.0,1.0,True
0020801163,2009-04-08 00:00:00,IND,TOR,-6.0,-7.5,3.5,219.0,106.5,74.0,48.0,26.0,7.5,-3.5,22.25,3.0,3.0,True
0020801166,2009-04-08 00:00:00,NYK,DET,2.0,4.0,-4.0,202.5,99.0,39.0,63.0,-24.0,-4.0,4.0,-22.0,-3.0,-3.0,True
0020801171,2009-04-08 00:00:00,DAL,UTA,-3.5,-3.5,3.0,208.5,107.5,61.0,45.0,16.0,3.5,-3.0,14.25,13.0,13.0,True
0020801180,2009-04-10 00:00:00,DET,NJN,-7.0,-8.0,1.0,191.0,94.5,54.0,38.0,16.0,8.0,-1.0,12.0,-9.0,-9.0,True
0020801185,2009-04-10 00:00:00,SAS,UTA,-3.0,-1.5,2.0,193.0,98.0,49.0,41.0,8.0,1.5,-2.0,7.25,-2.0,-2.0,True
0020801188,2009-04-10 00:00:00,LAC,SAC,-4.5,-4.5,3.5,216.0,103.0,58.0,32.0,26.0,4.5,-3.5,23.75,5.0,5.0,True
0020801191,2009-04-11 00:00:00,MIN,PHX,2.0,2.0,-3.5,223.5,108.0,43.0,57.0,-14.0,-2.0,3.5,-13.0,1.0,1.0,True
0020801195,2009-04-11 00:00:00,LAC,POR,6.0,6.0,-1.0,195.0,96.5,31.0,46.0,-15.0,-6.0,1.0,-12.0,0.0,0.0,True
0020801197,2009-04-12 00:00:00,CLE,BOS,-7.5,-8.0,1.5,185.0,92.0,52.0,33.0,19.0,8.0,-1.5,15.0,12.0,12.0,True
0020801202,2009-04-13 00:00:00,IND,CLE,5.5,4.5,-2.5,208.0,102.0,47.0,62.0,-15.0,-4.5,2.5,-12.75,7.0,7.0,True
0020801204,2009-04-13 00:00:00,DET,CHI,-4.0,-4.5,0.5,197.0,99.0,56.0,48.0,8.0,4.5,-0.5,5.75,-11.0,-11.0,True
0020801212,2009-04-13 00:00:00,POR,OKC,-12.5,-12.5,1.0,195.0,95.0,62.0,31.0,31.0,12.5,-1.0,24.75,-1.0,-1.0,True
0020801213,2009-04-13 00:00:00,GSW,SAS,5.0,4.0,-3.5,209.5,102.0,38.0,57.0,-19.0,-4.0,3.5,-17.0,-10.0,-10.0,True
0020801226,2009-04-15 00:00:00,ORL,CHA,-4.0,-3.5,3.5,183.0,90.0,57.0,38.0,19.0,3.5,-3.5,17.25,6.0,6.0,True
0020801220,2009-04-15 00:00:00,DAL,HOU,-1.0,1.0,-2.5,190.0,92.0,42.0,50.0,-8.0,-1.0,2.5,-7.5,19.0,19.0,True
0040800141,2009-04-19 00:00:00,LAL,UTA,-10.5,-12.0,1.5,210.5,106.5,,,,12.0,-1.5,,,,True
0040800131,2009-04-19 00:00:00,ATL,MIA,-5.0,-4.5,4.0,186.5,94.0,,,,4.5,-4.0,,,,True
0040800162,2009-04-20 00:00:00,SAS,DAL,-5.5,-6.0,0.5,188.5,95.0,,,,6.0,-0.5,,,,True
0040800163,2009-04-23 00:00:00,DAL,SAS,-4.0,-5.0,4.0,191.0,96.0,,,,5.0,-4.0,,,,True
0040800133,2009-04-25 00:00:00,MIA,ATL,-4.0,-4.0,4.5,186.5,94.0,,,,4.0,-4.5,,,,True
0040800135,2009-04-29 00:00:00,ATL,MIA,-5.5,-6.0,3.0,180.0,89.0,,,,6.0,-3.0,,,,True
0040800176,2009-04-30 00:00:00,HOU,POR,-4.5,-5.5,2.5,178.5,91.0,,,,5.5,-2.5,,,,True
0040800136,2009-05-01 00:00:00,MIA,ATL,-4.0,-4.5,1.0,182.0,92.0,,,,4.5,-1.0,,,,True
0040800117,2009-05-02 00:00:00,BOS,CHI,-6.0,-5.5,1.5,195.0,97.5,,,,5.5,-1.5,,,,True
0040800137,2009-05-03 00:00:00,ATL,MIA,-5.5,-5.5,1.5,180.5,91.0,,,,5.5,-1.5,,,,True
0040800212,2009-05-06 00:00:00,BOS,ORL,-3.5,-4.0,2.5,188.0,96.5,,,,4.0,-2.5,,,,True
0040800213,2009-05-08 00:00:00,ORL,BOS,-4.5,-5.0,2.0,188.5,94.5,,,,5.0,-2.0,,,,True
0040800225,2009-05-12 00:00:00,LAL,HOU,-12.0,-12.5,0.5,199.5,97.0,,,,12.5,-0.5,,,,True
0040800304,2009-05-26 00:00:00,ORL,CLE,-1.0,1.0,-2.5,188.0,95.0,,,,-1.0,2.5,,,,True
0040800306,2009-05-30 00:00:00,ORL,CLE,0.0,-2.0,4.5,192.5,96.5,,,,2.0,-4.5,,,,True
0040800404,2009-06-11 00:00:00,ORL,LAL,-3.5,-1.5,3.5,200.5,100.5,,,,1.5,-3.5,,,,True
0020900006,2009-10-28 00:00:00,ORL,PHI,-8.0,-10.0,0.5,194.5,96.5,70.0,47.0,23.0,10.0,-0.5,18.0,-9.0,-9.0,True
0020900010,2009-10-28 00:00:00,MEM,DET,2.0,1.5,-2.5,191.0,95.0,41.0,53.0,-12.0,-1.5,2.5,-11.25,-10.0,-10.0,True
0020900012,2009-10-28 00:00:00,OKC,SAC,-7.5,-6.5,1.0,204.5,101.0,68.0,51.0,17.0,6.5,-1.0,13.75,-4.0,-4.0,True
0020900011,2009-10-28 00:00:00,MIN,NJN,-2.0,2.0,-2.5,194.0,97.0,43.0,55.0,-12.0,-2.0,2.5,-11.0,14.0,14.0,True
0020900019,2009-10-30 00:00:00,CHA,NYK,-2.5,-1.5,3.5,196.0,96.5,51.0,37.0,14.0,1.5,-3.5,13.25,-14.0,-12.0,True
0020900021,2009-10-30 00:00:00,ATL,WAS,-6.5,-6.0,1.5,202.5,103.5,58.0,44.0,14.0,6.0,-1.5,11.0,-3.0,-3.0,True
0020900030,2009-10-30 00:00:00,PHX,GSW,-7.0,-5.0,0.5,233.0,114.0,62.0,51.0,11.0,5.0,-0.5,8.5,11.0,11.0,True
0020900034,2009-10-31 00:00:00,NYK,PHI,2.0,2.0,-3.5,206.0,101.0,51.0,70.0,-19.0,-2.0,3.5,-18.0,19.0,5.0,True
0020900039,2009-11-01 00:00:00,TOR,ORL,5.0,5.5,-1.0,200.0,100.0,53.0,64.0,-11.0,-5.5,1.0,-8.25,2.0,2.0,True
0020900052,2009-11-03 00:00:00,IND,DEN,4.0,5.0,-2.0,223.5,107.5,39.0,55.0,-16.0,-5.0,2.0,-13.5,-2.0,-2.0,True
0020900071,2009-11-05 00:00:00,UTA,SAS,1.0,-1.0,3.0,198.0,97.5,60.0,50.0,10.0,1.0,-3.0,9.5,4.0,4.0,True
0020900073,2009-11-06 00:00:00,IND,WAS,1.5,-1.5,3.0,207.5,104.0,53.0,41.0,12.0,1.5,-3.0,11.25,4.0,4.0,True
0020900078,2009-11-06 00:00:00,MIN,MIL,-2.0,-2.5,0.5,189.0,93.0,38.0,33.0,5.0,2.5,-0.5,3.75,-20.0,-20.0,True
0020900080,2009-11-06 00:00:00,NYK,CLE,8.5,8.0,-2.5,200.0,98.0,40.0,63.0,-23.0,-8.0,2.5,-19.0,14.0,14.0,True
0020900084,2009-11-06 00:00:00,POR,SAS,-3.0,-4.0,1.0,185.5,91.5,51.0,40.0,11.0,4.0,-1.0,9.0,1.0,1.0,True
0020900085,2009-11-07 00:00:00,ATL,DEN,-3.0,-3.0,2.0,210.5,103.5,60.0,50.0,10.0,3.0,-2.0,8.5,15.0,15.0,True
0020900089,2009-11-07 00:00:00,MIL,NYK,-4.5,-4.5,3.5,195.0,98.0,66.0,35.0,31.0,4.5,-3.5,28.75,-16.0,-16.0,True
0020900092,2009-11-08 00:00:00,DET,PHI,-1.0,-2.0,1.0,191.5,95.5,43.0,37.0,6.0,2.0,-1.0,5.0,1.0,1.0,True
0020900097,2009-11-08 00:00:00,LAL,NOH,-7.5,-7.0,0.5,197.0,97.5,55.0,42.0,13.0,7.0,-0.5,9.5,3.0,3.0,True
0020900099,2009-11-09 00:00:00,NYK,UTA,5.0,5.5,-2.0,211.0,106.0,31.0,48.0,-17.0,-5.5,2.0,-14.25,15.0,15.0,True
0020900101,2009-11-09 00:00:00,GSW,MIN,-7.5,-6.0,2.5,214.5,104.0,74.0,55.0,19.0,6.0,-2.5,16.0,22.0,22.0,True
0020900102,2009-11-09 00:00:00,LAC,NOH,-1.5,2.0,-5.0,193.0,94.5,46.0,60.0,-14.0,-2.0,5.0,-13.0,-14.0,-14.0,True
0020900103,2009-11-10 00:00:00,CHA,ORL,3.5,4.0,-2.5,182.0,89.0,41.0,57.0,-16.0,-4.0,2.5,-14.0,4.0,4.0,True
0020900109,2009-11-11 00:00:00,IND,GSW,-5.0,-5.5,2.5,225.0,110.5,64.0,47.0,17.0,5.5,-2.5,14.25,-3.0,-3.0,True
0020900112,2009-11-11 00:00:00,DET,CHA,-4.0,-4.5,1.5,171.5,85.0,52.0,41.0,11.0,4.5,-1.5,8.75,12.0,12.0,True
0020900121,2009-11-11 00:00:00,PHX,NOH,-7.0,-6.5,2.5,217.5,107.0,75.0,56.0,19.0,6.5,-2.5,15.75,1.0,1.0,True
0020900122,2009-11-12 00:00:00,MIA,CLE,1.0,2.0,-2.0,179.5,91.0,57.0,62.0,-5.0,-2.0,2.0,-4.0,-2.0,-2.0,True
0020900134,2009-11-14 00:00:00,CHA,POR,3.5,2.5,-1.0,171.5,84.0,30.0,38.0,-8.0,-2.5,1.0,-6.75,2.0,2.0,True
0020900152,2009-11-17 00:00:00,NJN,IND,4.0,3.5,-2.0,189.0,93.5,46.0,54.0,-8.0,-3.5,2.0,-6.25,0.0,0.0,True
0020900156,2009-11-17 00:00:00,SAC,CHI,-1.0,2.5,-3.0,196.5,96.5,47.0,61.0,-14.0,-2.5,3.0,-12.75,0.0,0.0,True
0020900162,2009-11-18 00:00:00,WAS,CLE,5.0,3.5,-0.5,195.0,96.0,44.0,51.0,-7.0,-3.5,0.5,-5.25,24.0,24.0,True
0020900158,2009-11-18 00:00:00,ATL,MIA,-7.5,-7.5,1.5,191.5,95.5,60.0,43.0,17.0,7.5,-1.5,13.25,-2.0,-2.0,True
0020900161,2009-11-18 00:00:00,PHI,CHA,-4.0,-3.0,1.5,183.0,89.5,52.0,43.0,9.0,3.0,-1.5,7.5,-7.0,-7.0,True
0020900159,2009-11-18 00:00:00,IND,NYK,-6.5,-6.0,2.0,214.5,105.0,69.0,54.0,15.0,6.0,-2.0,12.0,-22.0,-22.0,True
0020900175,2009-11-20 00:00:00,TOR,MIA,-3.0,-3.0,4.0,199.0,99.0,69.0,49.0,20.0,3.0,-4.0,18.5,-13.0,-13.0,True
0020900180,2009-11-20 00:00:00,MIL,CHA,-5.5,-3.5,2.5,182.0,90.0,53.0,41.0,12.0,3.5,-2.5,10.25,-5.0,-5.0,True
0020900194,2009-11-22 00:00:00,CHA,IND,-2.5,-1.5,2.5,188.0,93.0,52.0,41.0,11.0,1.5,-2.5,10.25,5.0,5.0,True
0020900197,2009-11-22 00:00:00,LAL,OKC,-10.0,-11.0,0.5,199.5,98.5,57.0,34.0,23.0,11.0,-0.5,17.5,-7.0,-7.0,True
0020900202,2009-11-24 00:00:00,TOR,IND,-5.0,-5.5,3.0,216.0,106.0,74.0,53.0,21.0,5.5,-3.0,18.25,-10.0,-10.0,True
